{
  "type": "FeatureCollection",
  "name": "BARRIOS_BAHIA_BLANCA",
  "features": [
    {
      "type": "Feature",
      "properties": {
        "NAME": "Barrio Las Acacias",
        "FUENTE": "MBB"
      },
      "geometry": {
        "type": "MultiPolygon",
        "coordinates": [
          [
            [
              [
                -62.2092049,
                -38.6827445
              ],
              [
                -62.20648,
                -38.6847732
              ],
              [
                -62.2106305,
                -38.6881354
              ],
              [
                -62.2132836,
                -38.6861156
              ],
              [
                -62.2092049,
                -38.6827445
              ]
            ]
          ]
        ]
      }
    },
    {
      "type": "Feature",
      "properties": {
        "NAME": "La Falda",
        "FUENTE": "MBB"
      },
      "geometry": {
        "type": "MultiPolygon",
        "coordinates": [
          [
            [
              [
                -62.2505219,
                -38.703691
              ],
              [
                -62.2470626,
                -38.7064126
              ],
              [
                -62.2468983,
                -38.706258
              ],
              [
                -62.2447521,
                -38.7079489
              ],
              [
                -62.2499938,
                -38.7121543
              ],
              [
                -62.249887,
                -38.7122385
              ],
              [
                -62.2502396,
                -38.7125282
              ],
              [
                -62.2524905,
                -38.7143463
              ],
              [
                -62.2529388,
                -38.7137039
              ],
              [
                -62.253338,
                -38.7132455
              ],
              [
                -62.2535182,
                -38.712901
              ],
              [
                -62.2536919,
                -38.7126118
              ],
              [
                -62.2540982,
                -38.7120732
              ],
              [
                -62.2547758,
                -38.7117968
              ],
              [
                -62.2547758,
                -38.7117968
              ],
              [
                -62.2555063,
                -38.7110166
              ],
              [
                -62.2555063,
                -38.7110166
              ],
              [
                -62.255804,
                -38.7103771
              ],
              [
                -62.255804,
                -38.7103771
              ],
              [
                -62.2562427,
                -38.7099869
              ],
              [
                -62.2573985,
                -38.7085611
              ],
              [
                -62.2577599,
                -38.7073791
              ],
              [
                -62.2584388,
                -38.7070078
              ],
              [
                -62.2584388,
                -38.7070078
              ],
              [
                -62.2576372,
                -38.7063279
              ],
              [
                -62.2576372,
                -38.7063279
              ],
              [
                -62.2544155,
                -38.7037326
              ],
              [
                -62.2524278,
                -38.7052353
              ],
              [
                -62.2505219,
                -38.703691
              ]
            ]
          ]
        ]
      }
    },
    {
      "type": "Feature",
      "properties": {
        "NAME": "Barrio Thompson",
        "FUENTE": "MBB"
      },
      "geometry": {
        "type": "MultiPolygon",
        "coordinates": [
          [
            [
              [
                -62.2454635,
                -38.7412372
              ],
              [
                -62.2436605,
                -38.7418514
              ],
              [
                -62.241082,
                -38.7441705
              ],
              [
                -62.2399583,
                -38.7451471
              ],
              [
                -62.2403785,
                -38.7455259
              ],
              [
                -62.2422261,
                -38.7469167
              ],
              [
                -62.2422261,
                -38.7469167
              ],
              [
                -62.2422261,
                -38.7469167
              ],
              [
                -62.2475004,
                -38.7428564
              ],
              [
                -62.2454635,
                -38.7412372
              ]
            ]
          ]
        ]
      }
    },
    {
      "type": "Feature",
      "properties": {
        "NAME": "Pedro Pico",
        "FUENTE": "MBB"
      },
      "geometry": {
        "type": "MultiPolygon",
        "coordinates": [
          [
            [
              [
                -62.2713113,
                -38.7326831
              ],
              [
                -62.2705134,
                -38.7320403
              ],
              [
                -62.2717067,
                -38.7311526
              ],
              [
                -62.2638849,
                -38.7249171
              ],
              [
                -62.2548614,
                -38.7318118
              ],
              [
                -62.2544236,
                -38.7321286
              ],
              [
                -62.2544414,
                -38.7341086
              ],
              [
                -62.2546523,
                -38.7352587
              ],
              [
                -62.254701,
                -38.7356281
              ],
              [
                -62.255118,
                -38.7363665
              ],
              [
                -62.2556742,
                -38.7373352
              ],
              [
                -62.2562122,
                -38.7381218
              ],
              [
                -62.2564149,
                -38.7383264
              ],
              [
                -62.2568861,
                -38.7387171
              ],
              [
                -62.2574181,
                -38.7391002
              ],
              [
                -62.2577801,
                -38.7393003
              ],
              [
                -62.2582328,
                -38.7395326
              ],
              [
                -62.2587873,
                -38.7397022
              ],
              [
                -62.259211,
                -38.7397998
              ],
              [
                -62.2598574,
                -38.739883
              ],
              [
                -62.2603122,
                -38.7399096
              ],
              [
                -62.2609378,
                -38.7398298
              ],
              [
                -62.2613198,
                -38.739747
              ],
              [
                -62.2617017,
                -38.7396643
              ],
              [
                -62.2620845,
                -38.739507
              ],
              [
                -62.2623987,
                -38.7393918
              ],
              [
                -62.2637602,
                -38.7383431
              ],
              [
                -62.2653832,
                -38.7371036
              ],
              [
                -62.2667994,
                -38.7360326
              ],
              [
                -62.2676088,
                -38.7354095
              ],
              [
                -62.2683216,
                -38.7349135
              ],
              [
                -62.2690036,
                -38.7344083
              ],
              [
                -62.2713113,
                -38.7326831
              ]
            ]
          ]
        ]
      }
    },
    {
      "type": "Feature",
      "properties": {
        "NAME": "Nueva Belgrano",
        "FUENTE": "MBB"
      },
      "geometry": {
        "type": "MultiPolygon",
        "coordinates": [
          [
            [
              [
                -62.2941786,
                -38.6711099
              ],
              [
                -62.2888139,
                -38.6751786
              ],
              [
                -62.2953304,
                -38.6804787
              ],
              [
                -62.2970737,
                -38.6818889
              ],
              [
                -62.3024844,
                -38.6778084
              ],
              [
                -62.3024844,
                -38.6778084
              ],
              [
                -62.2978659,
                -38.6741064
              ],
              [
                -62.2943076,
                -38.6712129
              ],
              [
                -62.2941786,
                -38.6711099
              ]
            ]
          ]
        ]
      }
    },
    {
      "type": "Feature",
      "properties": {
        "NAME": "Stella Maris",
        "FUENTE": "MBB"
      },
      "geometry": {
        "type": "MultiPolygon",
        "coordinates": [
          [
            [
              [
                -62.2212262,
                -38.722169
              ],
              [
                -62.2168737,
                -38.7254959
              ],
              [
                -62.2194807,
                -38.7275889
              ],
              [
                -62.2238211,
                -38.724264
              ],
              [
                -62.2237923,
                -38.7242179
              ],
              [
                -62.2212262,
                -38.722169
              ]
            ]
          ]
        ]
      }
    },
    {
      "type": "Feature",
      "properties": {
        "NAME": "Villa Belgrano",
        "FUENTE": "MBB"
      },
      "geometry": {
        "type": "MultiPolygon",
        "coordinates": [
          [
            [
              [
                -62.275903,
                -38.6582644
              ],
              [
                -62.2664015,
                -38.6652772
              ],
              [
                -62.2657312,
                -38.666748
              ],
              [
                -62.2657604,
                -38.6679026
              ],
              [
                -62.266279,
                -38.6692527
              ],
              [
                -62.2684315,
                -38.671062
              ],
              [
                -62.273442,
                -38.6749893
              ],
              [
                -62.2742937,
                -38.6758284
              ],
              [
                -62.2751426,
                -38.676956
              ],
              [
                -62.2755799,
                -38.6782734
              ],
              [
                -62.2767067,
                -38.6808466
              ],
              [
                -62.2782008,
                -38.6830043
              ],
              [
                -62.280435,
                -38.68491
              ],
              [
                -62.282183,
                -38.6862676
              ],
              [
                -62.2849473,
                -38.6884913
              ],
              [
                -62.2866556,
                -38.6872281
              ],
              [
                -62.2905264,
                -38.684165
              ],
              [
                -62.2953304,
                -38.6804787
              ],
              [
                -62.2970737,
                -38.6818889
              ],
              [
                -62.3024844,
                -38.6778084
              ],
              [
                -62.2978659,
                -38.6741064
              ],
              [
                -62.2943076,
                -38.6712129
              ],
              [
                -62.2887327,
                -38.6667608
              ],
              [
                -62.2831745,
                -38.6622138
              ],
              [
                -62.2785725,
                -38.658451
              ],
              [
                -62.2764557,
                -38.6582111
              ],
              [
                -62.275903,
                -38.6582644
              ]
            ]
          ]
        ]
      }
    },
    {
      "type": "Feature",
      "properties": {
        "NAME": "Villa Floresta",
        "FUENTE": "MBB"
      },
      "geometry": {
        "type": "MultiPolygon",
        "coordinates": [
          [
            [
              [
                -62.2666792,
                -38.6907451
              ],
              [
                -62.2665414,
                -38.6908563
              ],
              [
                -62.2711246,
                -38.6945641
              ],
              [
                -62.272937,
                -38.693168
              ],
              [
                -62.2758133,
                -38.6955366
              ],
              [
                -62.2781222,
                -38.6938108
              ],
              [
                -62.2752324,
                -38.6914924
              ],
              [
                -62.2747439,
                -38.6918563
              ],
              [
                -62.2736643,
                -38.690987
              ],
              [
                -62.2725233,
                -38.6900844
              ],
              [
                -62.277219,
                -38.6864745
              ],
              [
                -62.2795546,
                -38.6846493
              ],
              [
                -62.2781717,
                -38.6835446
              ],
              [
                -62.2773314,
                -38.6827856
              ],
              [
                -62.2770496,
                -38.6822214
              ],
              [
                -62.2762813,
                -38.6811846
              ],
              [
                -62.2752586,
                -38.678557
              ],
              [
                -62.274964,
                -38.6777958
              ],
              [
                -62.2748495,
                -38.6777651
              ],
              [
                -62.2713021,
                -38.6805101
              ],
              [
                -62.2681624,
                -38.68291
              ],
              [
                -62.2693865,
                -38.6839076
              ],
              [
                -62.267002,
                -38.6857237
              ],
              [
                -62.2701047,
                -38.6881942
              ],
              [
                -62.2666792,
                -38.6907451
              ]
            ]
          ]
        ]
      }
    },
    {
      "type": "Feature",
      "properties": {
        "NAME": "Villa del Parque",
        "FUENTE": "MBB"
      },
      "geometry": {
        "type": "MultiPolygon",
        "coordinates": [
          [
            [
              [
                -62.2795546,
                -38.6846493
              ],
              [
                -62.2737051,
                -38.6891759
              ],
              [
                -62.2787819,
                -38.6932288
              ],
              [
                -62.2824609,
                -38.6904181
              ],
              [
                -62.2834041,
                -38.6896848
              ],
              [
                -62.2838411,
                -38.6889311
              ],
              [
                -62.2837416,
                -38.6881381
              ],
              [
                -62.2826001,
                -38.6872598
              ],
              [
                -62.2827241,
                -38.6871285
              ],
              [
                -62.2795546,
                -38.6846493
              ]
            ]
          ]
        ]
      }
    },
    {
      "type": "Feature",
      "properties": {
        "NAME": "Barrio Avellaneda",
        "FUENTE": "MBB"
      },
      "geometry": {
        "type": "MultiPolygon",
        "coordinates": [
          [
            [
              [
                -62.2894242,
                -38.6850373
              ],
              [
                -62.2848525,
                -38.6886316
              ],
              [
                -62.2891813,
                -38.6921157
              ],
              [
                -62.2878956,
                -38.6931117
              ],
              [
                -62.2917844,
                -38.6962527
              ],
              [
                -62.2977489,
                -38.6916529
              ],
              [
                -62.2894242,
                -38.6850373
              ]
            ]
          ]
        ]
      }
    },
    {
      "type": "Feature",
      "properties": {
        "NAME": "Barrio Villa Duprat",
        "FUENTE": "MBB"
      },
      "geometry": {
        "type": "MultiPolygon",
        "coordinates": [
          [
            [
              [
                -62.2928336,
                -38.687747
              ],
              [
                -62.2977489,
                -38.6916529
              ],
              [
                -62.3036709,
                -38.6871945
              ],
              [
                -62.2987623,
                -38.6832381
              ],
              [
                -62.2928336,
                -38.687747
              ]
            ]
          ]
        ]
      }
    },
    {
      "type": "Feature",
      "properties": {
        "NAME": "136-",
        "FUENTE": "MBB"
      },
      "geometry": {
        "type": "MultiPolygon",
        "coordinates": [
          [
            [
              [
                -62.2917844,
                -38.6962527
              ],
              [
                -62.2878956,
                -38.6931117
              ],
              [
                -62.2824463,
                -38.6973946
              ],
              [
                -62.2781222,
                -38.6938108
              ],
              [
                -62.2758133,
                -38.6955366
              ],
              [
                -62.2740718,
                -38.696877
              ],
              [
                -62.2738816,
                -38.6971163
              ],
              [
                -62.2737677,
                -38.6974409
              ],
              [
                -62.2839414,
                -38.7013181
              ],
              [
                -62.2849512,
                -38.7015976
              ],
              [
                -62.2917844,
                -38.6962527
              ]
            ]
          ]
        ]
      }
    },
    {
      "type": "Feature",
      "properties": {
        "NAME": "Barrio Villa Santa Margarita",
        "FUENTE": "MBB"
      },
      "geometry": {
        "type": "MultiPolygon",
        "coordinates": [
          [
            [
              [
                -62.2824463,
                -38.6973946
              ],
              [
                -62.2891813,
                -38.6921157
              ],
              [
                -62.2848525,
                -38.6886316
              ],
              [
                -62.2787819,
                -38.6932288
              ],
              [
                -62.2781222,
                -38.6938108
              ],
              [
                -62.2824463,
                -38.6973946
              ]
            ]
          ]
        ]
      }
    },
    {
      "type": "Feature",
      "properties": {
        "NAME": "Barrio Latino",
        "FUENTE": "MBB"
      },
      "geometry": {
        "type": "MultiPolygon",
        "coordinates": [
          [
            [
              [
                -62.3036709,
                -38.6871945
              ],
              [
                -62.2979237,
                -38.6915213
              ],
              [
                -62.3000059,
                -38.6932588
              ],
              [
                -62.3003902,
                -38.6929357
              ],
              [
                -62.3042108,
                -38.6960273
              ],
              [
                -62.3095727,
                -38.6919815
              ],
              [
                -62.3036709,
                -38.6871945
              ]
            ]
          ]
        ]
      }
    },
    {
      "type": "Feature",
      "properties": {
        "NAME": "Barrio Los Almendros",
        "FUENTE": "MBB"
      },
      "geometry": {
        "type": "MultiPolygon",
        "coordinates": [
          [
            [
              [
                -62.2979237,
                -38.6915213
              ],
              [
                -62.2913551,
                -38.6965886
              ],
              [
                -62.2955477,
                -38.6999133
              ],
              [
                -62.3024396,
                -38.6945941
              ],
              [
                -62.3003902,
                -38.6929357
              ],
              [
                -62.3000059,
                -38.6932588
              ],
              [
                -62.2979237,
                -38.6915213
              ]
            ]
          ]
        ]
      }
    },
    {
      "type": "Feature",
      "properties": {
        "NAME": "San Roque",
        "FUENTE": "MBB"
      },
      "geometry": {
        "type": "MultiPolygon",
        "coordinates": [
          [
            [
              [
                -62.2950681,
                -38.6995329
              ],
              [
                -62.2913551,
                -38.6965886
              ],
              [
                -62.2849512,
                -38.7015976
              ],
              [
                -62.287144,
                -38.7022308
              ],
              [
                -62.2897401,
                -38.7036616
              ],
              [
                -62.2950681,
                -38.6995329
              ]
            ]
          ]
        ]
      }
    },
    {
      "type": "Feature",
      "properties": {
        "NAME": "Barrio Coronel Estomba",
        "FUENTE": "MBB"
      },
      "geometry": {
        "type": "MultiPolygon",
        "coordinates": [
          [
            [
              [
                -62.3009774,
                -38.6957227
              ],
              [
                -62.2955477,
                -38.6999133
              ],
              [
                -62.2997188,
                -38.7032362
              ],
              [
                -62.3050587,
                -38.699125
              ],
              [
                -62.3009774,
                -38.6957227
              ]
            ]
          ]
        ]
      }
    },
    {
      "type": "Feature",
      "properties": {
        "NAME": "Barrio Ceferino Namuncura",
        "FUENTE": "MBB"
      },
      "geometry": {
        "type": "MultiPolygon",
        "coordinates": [
          [
            [
              [
                -62.2950681,
                -38.6995329
              ],
              [
                -62.2911914,
                -38.7025371
              ],
              [
                -62.291327,
                -38.7026446
              ],
              [
                -62.2916234,
                -38.7028605
              ],
              [
                -62.2918183,
                -38.7032704
              ],
              [
                -62.2922624,
                -38.7036429
              ],
              [
                -62.2934481,
                -38.7044871
              ],
              [
                -62.2945611,
                -38.7051362
              ],
              [
                -62.2955153,
                -38.7054422
              ],
              [
                -62.2961873,
                -38.7059761
              ],
              [
                -62.2997188,
                -38.7032362
              ],
              [
                -62.2950681,
                -38.6995329
              ]
            ]
          ]
        ]
      }
    },
    {
      "type": "Feature",
      "properties": {
        "NAME": "Barrio Ricchieri",
        "FUENTE": "MBB"
      },
      "geometry": {
        "type": "MultiPolygon",
        "coordinates": [
          [
            [
              [
                -62.3050587,
                -38.699125
              ],
              [
                -62.3000107,
                -38.7030115
              ],
              [
                -62.3041988,
                -38.7063517
              ],
              [
                -62.3095421,
                -38.7022292
              ],
              [
                -62.3053742,
                -38.6988851
              ],
              [
                -62.3050587,
                -38.699125
              ]
            ]
          ]
        ]
      }
    },
    {
      "type": "Feature",
      "properties": {
        "NAME": "Villa Irupe",
        "FUENTE": "MBB"
      },
      "geometry": {
        "type": "MultiPolygon",
        "coordinates": [
          [
            [
              [
                -62.3095727,
                -38.6919815
              ],
              [
                -62.3042108,
                -38.6960273
              ],
              [
                -62.3027002,
                -38.6971589
              ],
              [
                -62.3050587,
                -38.699125
              ],
              [
                -62.3053742,
                -38.6988851
              ],
              [
                -62.3076515,
                -38.7007123
              ],
              [
                -62.3083168,
                -38.6994197
              ],
              [
                -62.3083847,
                -38.6993798
              ],
              [
                -62.3136798,
                -38.6952933
              ],
              [
                -62.3095727,
                -38.6919815
              ]
            ]
          ]
        ]
      }
    },
    {
      "type": "Feature",
      "properties": {
        "NAME": "Barrio Parque Los Alamos",
        "FUENTE": "MBB"
      },
      "geometry": {
        "type": "MultiPolygon",
        "coordinates": [
          [
            [
              [
                -62.3110268,
                -38.6973408
              ],
              [
                -62.3083847,
                -38.6993798
              ],
              [
                -62.310219,
                -38.7008922
              ],
              [
                -62.3103059,
                -38.7008258
              ],
              [
                -62.312893,
                -38.6988266
              ],
              [
                -62.3110268,
                -38.6973408
              ]
            ]
          ]
        ]
      }
    },
    {
      "type": "Feature",
      "properties": {
        "NAME": "Barrio Mara",
        "FUENTE": "MBB"
      },
      "geometry": {
        "type": "MultiPolygon",
        "coordinates": [
          [
            [
              [
                -62.3091627,
                -38.7025219
              ],
              [
                -62.3042536,
                -38.7063094
              ],
              [
                -62.3076702,
                -38.7090283
              ],
              [
                -62.3125421,
                -38.7052182
              ],
              [
                -62.3091627,
                -38.7025219
              ]
            ]
          ]
        ]
      }
    },
    {
      "type": "Feature",
      "properties": {
        "NAME": "Barrio Aerotalleres",
        "FUENTE": "MBB"
      },
      "geometry": {
        "type": "MultiPolygon",
        "coordinates": [
          [
            [
              [
                -62.3125421,
                -38.7052182
              ],
              [
                -62.3076702,
                -38.7090283
              ],
              [
                -62.3025849,
                -38.7129146
              ],
              [
                -62.3026101,
                -38.7129549
              ],
              [
                -62.303015,
                -38.7135192
              ],
              [
                -62.3033582,
                -38.7138323
              ],
              [
                -62.3038046,
                -38.7140858
              ],
              [
                -62.3043171,
                -38.714139
              ],
              [
                -62.3141242,
                -38.7064817
              ],
              [
                -62.3125421,
                -38.7052182
              ]
            ]
          ]
        ]
      }
    },
    {
      "type": "Feature",
      "properties": {
        "NAME": "Barrio Parque Sesquicentenario",
        "FUENTE": "MBB"
      },
      "geometry": {
        "type": "MultiPolygon",
        "coordinates": [
          [
            [
              [
                -62.3080534,
                -38.6867007
              ],
              [
                -62.307986,
                -38.6866402
              ],
              [
                -62.305401,
                -38.6885979
              ],
              [
                -62.3095727,
                -38.6919815
              ],
              [
                -62.3121752,
                -38.6899791
              ],
              [
                -62.3120482,
                -38.6899314
              ],
              [
                -62.3080534,
                -38.6867007
              ]
            ]
          ]
        ]
      }
    },
    {
      "type": "Feature",
      "properties": {
        "NAME": "1ro de Mayo",
        "FUENTE": "MBB"
      },
      "geometry": {
        "type": "MultiPolygon",
        "coordinates": [
          [
            [
              [
                -62.3025538,
                -38.7152933
              ],
              [
                -62.303374,
                -38.7169279
              ],
              [
                -62.3035891,
                -38.7179877
              ],
              [
                -62.3037029,
                -38.7193881
              ],
              [
                -62.3037236,
                -38.7201601
              ],
              [
                -62.30407,
                -38.7211656
              ],
              [
                -62.3109424,
                -38.7159205
              ],
              [
                -62.3093674,
                -38.7146702
              ],
              [
                -62.3093674,
                -38.7146702
              ],
              [
                -62.3025538,
                -38.7152933
              ],
              [
                -62.3025538,
                -38.7152933
              ]
            ]
          ]
        ]
      }
    },
    {
      "type": "Feature",
      "properties": {
        "NAME": "Villa Nocito",
        "FUENTE": "MBB"
      },
      "geometry": {
        "type": "MultiPolygon",
        "coordinates": [
          [
            [
              [
                -62.3067841,
                -38.7258772
              ],
              [
                -62.3129306,
                -38.7211691
              ],
              [
                -62.3086137,
                -38.7176979
              ],
              [
                -62.30407,
                -38.7211656
              ],
              [
                -62.3053113,
                -38.7237618
              ],
              [
                -62.3065191,
                -38.7256323
              ],
              [
                -62.3067841,
                -38.7258772
              ]
            ]
          ]
        ]
      }
    },
    {
      "type": "Feature",
      "properties": {
        "NAME": "Vista Alegre",
        "FUENTE": "MBB"
      },
      "geometry": {
        "type": "MultiPolygon",
        "coordinates": [
          [
            [
              [
                -62.3086137,
                -38.7176979
              ],
              [
                -62.3128011,
                -38.721065
              ],
              [
                -62.3181504,
                -38.7169816
              ],
              [
                -62.3139914,
                -38.7136603
              ],
              [
                -62.3086137,
                -38.7176979
              ]
            ]
          ]
        ]
      }
    },
    {
      "type": "Feature",
      "properties": {
        "NAME": "Barrio Coronel Maldonado",
        "FUENTE": "MBB"
      },
      "geometry": {
        "type": "MultiPolygon",
        "coordinates": [
          [
            [
              [
                -62.3128011,
                -38.721065
              ],
              [
                -62.3140872,
                -38.722088
              ],
              [
                -62.3155409,
                -38.7214292
              ],
              [
                -62.3156986,
                -38.721461
              ],
              [
                -62.3208162,
                -38.7190038
              ],
              [
                -62.3242542,
                -38.7173927
              ],
              [
                -62.3272156,
                -38.7158967
              ],
              [
                -62.3206022,
                -38.7106006
              ],
              [
                -62.3140607,
                -38.7133825
              ],
              [
                -62.3137043,
                -38.7134473
              ],
              [
                -62.3139914,
                -38.7136603
              ],
              [
                -62.3181504,
                -38.7169816
              ],
              [
                -62.3128011,
                -38.721065
              ]
            ]
          ]
        ]
      }
    },
    {
      "type": "Feature",
      "properties": {
        "NAME": "Barrio Universitario",
        "FUENTE": "MBB"
      },
      "geometry": {
        "type": "MultiPolygon",
        "coordinates": [
          [
            [
              [
                -62.2737677,
                -38.6974409
              ],
              [
                -62.2729854,
                -38.6986504
              ],
              [
                -62.2715086,
                -38.7008692
              ],
              [
                -62.2713218,
                -38.701037
              ],
              [
                -62.2702396,
                -38.7026306
              ],
              [
                -62.2663038,
                -38.7068754
              ],
              [
                -62.2710119,
                -38.7100622
              ],
              [
                -62.2711678,
                -38.710227
              ],
              [
                -62.2723473,
                -38.7110309
              ],
              [
                -62.2741075,
                -38.7123693
              ],
              [
                -62.2872756,
                -38.7023033
              ],
              [
                -62.287144,
                -38.7022308
              ],
              [
                -62.2849512,
                -38.7015976
              ],
              [
                -62.2839414,
                -38.7013181
              ],
              [
                -62.2737677,
                -38.6974409
              ]
            ]
          ]
        ]
      }
    },
    {
      "type": "Feature",
      "properties": {
        "NAME": "Barrio Pacifico",
        "FUENTE": "MBB"
      },
      "geometry": {
        "type": "MultiPolygon",
        "coordinates": [
          [
            [
              [
                -62.2872752,
                -38.7023036
              ],
              [
                -62.2752192,
                -38.7115196
              ],
              [
                -62.2814588,
                -38.7165308
              ],
              [
                -62.2838518,
                -38.7184581
              ],
              [
                -62.292675,
                -38.7117257
              ],
              [
                -62.2966716,
                -38.7086765
              ],
              [
                -62.2953317,
                -38.7071006
              ],
              [
                -62.2940317,
                -38.7060674
              ],
              [
                -62.2897401,
                -38.7036616
              ],
              [
                -62.2872752,
                -38.7023036
              ]
            ]
          ]
        ]
      }
    },
    {
      "type": "Feature",
      "properties": {
        "NAME": "Kilometro 5",
        "FUENTE": "MBB"
      },
      "geometry": {
        "type": "MultiPolygon",
        "coordinates": [
          [
            [
              [
                -62.2966716,
                -38.7086765
              ],
              [
                -62.2838518,
                -38.7184581
              ],
              [
                -62.2881877,
                -38.7219169
              ],
              [
                -62.2972797,
                -38.7149274
              ],
              [
                -62.2962235,
                -38.7140695
              ],
              [
                -62.2997163,
                -38.7114258
              ],
              [
                -62.2993822,
                -38.711148
              ],
              [
                -62.29804,
                -38.7101035
              ],
              [
                -62.2972257,
                -38.7093282
              ],
              [
                -62.2966716,
                -38.7086765
              ]
            ]
          ]
        ]
      }
    },
    {
      "type": "Feature",
      "properties": {
        "NAME": "Mariano Moreno",
        "FUENTE": "MBB"
      },
      "geometry": {
        "type": "MultiPolygon",
        "coordinates": [
          [
            [
              [
                -62.2881877,
                -38.7219169
              ],
              [
                -62.2870558,
                -38.7227811
              ],
              [
                -62.2900612,
                -38.7251934
              ],
              [
                -62.2912058,
                -38.7243363
              ],
              [
                -62.2922827,
                -38.7251987
              ],
              [
                -62.3032919,
                -38.7167645
              ],
              [
                -62.3024116,
                -38.7150252
              ],
              [
                -62.301461,
                -38.7132333
              ],
              [
                -62.3005841,
                -38.7121475
              ],
              [
                -62.3005841,
                -38.7121475
              ],
              [
                -62.2970916,
                -38.7147746
              ],
              [
                -62.2972797,
                -38.7149274
              ],
              [
                -62.2881877,
                -38.7219169
              ]
            ]
          ]
        ]
      }
    },
    {
      "type": "Feature",
      "properties": {
        "NAME": "Pampa Central",
        "FUENTE": "MBB"
      },
      "geometry": {
        "type": "MultiPolygon",
        "coordinates": [
          [
            [
              [
                -62.3032919,
                -38.7167645
              ],
              [
                -62.2922827,
                -38.7251987
              ],
              [
                -62.300592,
                -38.7318629
              ],
              [
                -62.3074674,
                -38.7265543
              ],
              [
                -62.3073349,
                -38.7263864
              ],
              [
                -62.3065191,
                -38.7256323
              ],
              [
                -62.3053113,
                -38.7237618
              ],
              [
                -62.3042032,
                -38.7215522
              ],
              [
                -62.30407,
                -38.7211656
              ],
              [
                -62.3037236,
                -38.7201601
              ],
              [
                -62.3035891,
                -38.7179877
              ],
              [
                -62.303374,
                -38.7169279
              ],
              [
                -62.3032919,
                -38.7167645
              ],
              [
                -62.2922827,
                -38.7251987
              ],
              [
                -62.3032919,
                -38.7167645
              ]
            ]
          ]
        ]
      }
    },
    {
      "type": "Feature",
      "properties": {
        "NAME": "Barrio Parque Palihue",
        "FUENTE": "MBB"
      },
      "geometry": {
        "type": "MultiPolygon",
        "coordinates": [
          [
            [
              [
                -62.2543255,
                -38.6955466
              ],
              [
                -62.2472124,
                -38.7010091
              ],
              [
                -62.2524278,
                -38.7052353
              ],
              [
                -62.2544155,
                -38.7037326
              ],
              [
                -62.2576405,
                -38.7063258
              ],
              [
                -62.2587458,
                -38.7056375
              ],
              [
                -62.2605867,
                -38.7044578
              ],
              [
                -62.2605867,
                -38.7044578
              ],
              [
                -62.2605867,
                -38.7044578
              ],
              [
                -62.2620088,
                -38.7031963
              ],
              [
                -62.262776,
                -38.70229
              ],
              [
                -62.2598766,
                -38.7000253
              ],
              [
                -62.2545188,
                -38.6957009
              ],
              [
                -62.2543255,
                -38.6955466
              ]
            ]
          ]
        ]
      }
    },
    {
      "type": "Feature",
      "properties": {
        "NAME": "Barrio Anchorena",
        "FUENTE": "MBB"
      },
      "geometry": {
        "type": "MultiPolygon",
        "coordinates": [
          [
            [
              [
                -62.2438592,
                -38.7223381
              ],
              [
                -62.2426252,
                -38.7233807
              ],
              [
                -62.2390643,
                -38.7206881
              ],
              [
                -62.2368668,
                -38.7223793
              ],
              [
                -62.2332374,
                -38.7251873
              ],
              [
                -62.2384821,
                -38.7294007
              ],
              [
                -62.2413928,
                -38.727172
              ],
              [
                -62.2427802,
                -38.7261021
              ],
              [
                -62.2426806,
                -38.7259659
              ],
              [
                -62.243088,
                -38.7256636
              ],
              [
                -62.2455957,
                -38.7237319
              ],
              [
                -62.2438592,
                -38.7223381
              ]
            ]
          ]
        ]
      }
    },
    {
      "type": "Feature",
      "properties": {
        "NAME": "Villa Sanchez Elia",
        "FUENTE": "MBB"
      },
      "geometry": {
        "type": "MultiPolygon",
        "coordinates": [
          [
            [
              [
                -62.2390643,
                -38.7206881
              ],
              [
                -62.2365249,
                -38.7187527
              ],
              [
                -62.2362123,
                -38.718954
              ],
              [
                -62.2335314,
                -38.7168128
              ],
              [
                -62.23351,
                -38.7167901
              ],
              [
                -62.2320323,
                -38.7179216
              ],
              [
                -62.2280208,
                -38.7209725
              ],
              [
                -62.2332374,
                -38.7251873
              ],
              [
                -62.2390643,
                -38.7206881
              ]
            ]
          ]
        ]
      }
    },
    {
      "type": "Feature",
      "properties": {
        "NAME": "Villa Amaducci",
        "FUENTE": "MBB"
      },
      "geometry": {
        "type": "MultiPolygon",
        "coordinates": [
          [
            [
              [
                -62.2280208,
                -38.7209725
              ],
              [
                -62.2237923,
                -38.7242179
              ],
              [
                -62.2237923,
                -38.7242179
              ],
              [
                -62.2289972,
                -38.7284416
              ],
              [
                -62.2332374,
                -38.7251873
              ],
              [
                -62.2280208,
                -38.7209725
              ]
            ]
          ]
        ]
      }
    },
    {
      "type": "Feature",
      "properties": {
        "NAME": "Villa Don Bosco",
        "FUENTE": "MBB"
      },
      "geometry": {
        "type": "MultiPolygon",
        "coordinates": [
          [
            [
              [
                -62.2237923,
                -38.7242179
              ],
              [
                -62.2229377,
                -38.7249443
              ],
              [
                -62.2195418,
                -38.7275426
              ],
              [
                -62.2246919,
                -38.7317136
              ],
              [
                -62.2289972,
                -38.7284416
              ],
              [
                -62.2237923,
                -38.7242179
              ]
            ]
          ]
        ]
      }
    },
    {
      "type": "Feature",
      "properties": {
        "NAME": "Villa Cerrito",
        "FUENTE": "MBB"
      },
      "geometry": {
        "type": "MultiPolygon",
        "coordinates": [
          [
            [
              [
                -62.2246919,
                -38.7317136
              ],
              [
                -62.2195418,
                -38.7275426
              ],
              [
                -62.2152487,
                -38.7307935
              ],
              [
                -62.2204837,
                -38.7349482
              ],
              [
                -62.2204837,
                -38.7349482
              ],
              [
                -62.2204837,
                -38.7349482
              ],
              [
                -62.2246919,
                -38.7317136
              ]
            ]
          ]
        ]
      }
    },
    {
      "type": "Feature",
      "properties": {
        "NAME": "Villa Libre",
        "FUENTE": "MBB"
      },
      "geometry": {
        "type": "MultiPolygon",
        "coordinates": [
          [
            [
              [
                -62.2332374,
                -38.7251873
              ],
              [
                -62.2289972,
                -38.7284416
              ],
              [
                -62.2342395,
                -38.7326563
              ],
              [
                -62.2384821,
                -38.7294007
              ],
              [
                -62.2332374,
                -38.7251873
              ]
            ]
          ]
        ]
      }
    },
    {
      "type": "Feature",
      "properties": {
        "NAME": "Villa Libre Sur",
        "FUENTE": "MBB"
      },
      "geometry": {
        "type": "MultiPolygon",
        "coordinates": [
          [
            [
              [
                -62.2289972,
                -38.7284416
              ],
              [
                -62.2246919,
                -38.7317136
              ],
              [
                -62.2299415,
                -38.7358975
              ],
              [
                -62.2342395,
                -38.7326563
              ],
              [
                -62.2289972,
                -38.7284416
              ]
            ]
          ]
        ]
      }
    },
    {
      "type": "Feature",
      "properties": {
        "NAME": "Barrio Bahia Blanca y Rosendo Lopez",
        "FUENTE": "MBB"
      },
      "geometry": {
        "type": "MultiPolygon",
        "coordinates": [
          [
            [
              [
                -62.2272628,
                -38.7337627
              ],
              [
                -62.2230135,
                -38.7370094
              ],
              [
                -62.2222699,
                -38.7364112
              ],
              [
                -62.2216384,
                -38.7368649
              ],
              [
                -62.221753,
                -38.736943
              ],
              [
                -62.2201795,
                -38.7381419
              ],
              [
                -62.2212173,
                -38.7389807
              ],
              [
                -62.2211843,
                -38.7389905
              ],
              [
                -62.2201521,
                -38.7398056
              ],
              [
                -62.2211409,
                -38.7406054
              ],
              [
                -62.2243733,
                -38.7381455
              ],
              [
                -62.2266932,
                -38.7400426
              ],
              [
                -62.2309414,
                -38.736739
              ],
              [
                -62.2299415,
                -38.7358975
              ],
              [
                -62.2272628,
                -38.7337627
              ]
            ]
          ]
        ]
      }
    },
    {
      "type": "Feature",
      "properties": {
        "NAME": "Barrio Villa Italia",
        "FUENTE": "MBB"
      },
      "geometry": {
        "type": "MultiPolygon",
        "coordinates": [
          [
            [
              [
                -62.2309414,
                -38.736739
              ],
              [
                -62.2266932,
                -38.7400426
              ],
              [
                -62.2335079,
                -38.7455637
              ],
              [
                -62.2351252,
                -38.744485
              ],
              [
                -62.2360999,
                -38.743691
              ],
              [
                -62.2378909,
                -38.7422734
              ],
              [
                -62.2312096,
                -38.7369405
              ],
              [
                -62.2309414,
                -38.736739
              ]
            ]
          ]
        ]
      }
    },
    {
      "type": "Feature",
      "properties": {
        "NAME": "Rosario Sur",
        "FUENTE": "MBB"
      },
      "geometry": {
        "type": "MultiPolygon",
        "coordinates": [
          [
            [
              [
                -62.2392779,
                -38.7467716
              ],
              [
                -62.2393199,
                -38.7466098
              ],
              [
                -62.2398452,
                -38.7452455
              ],
              [
                -62.241082,
                -38.7441705
              ],
              [
                -62.2430856,
                -38.7423394
              ],
              [
                -62.2436605,
                -38.7418514
              ],
              [
                -62.2446156,
                -38.741508
              ],
              [
                -62.2459363,
                -38.7410863
              ],
              [
                -62.2469642,
                -38.7404782
              ],
              [
                -62.2477443,
                -38.7391462
              ],
              [
                -62.2482297,
                -38.7378123
              ],
              [
                -62.2484776,
                -38.7368854
              ],
              [
                -62.2486421,
                -38.7361795
              ],
              [
                -62.2488459,
                -38.7354739
              ],
              [
                -62.2489255,
                -38.7352727
              ],
              [
                -62.2429672,
                -38.7397871
              ],
              [
                -62.2387591,
                -38.7429737
              ],
              [
                -62.2365961,
                -38.7446037
              ],
              [
                -62.2393199,
                -38.7466098
              ],
              [
                -62.2392779,
                -38.7467716
              ]
            ]
          ]
        ]
      }
    },
    {
      "type": "Feature",
      "properties": {
        "NAME": "Barrio Villa MuÏiz",
        "FUENTE": "MBB"
      },
      "geometry": {
        "type": "MultiPolygon",
        "coordinates": [
          [
            [
              [
                -62.2256881,
                -38.7392206
              ],
              [
                -62.2266932,
                -38.7400426
              ],
              [
                -62.2254822,
                -38.7390523
              ],
              [
                -62.2211867,
                -38.7423244
              ],
              [
                -62.2214396,
                -38.7425257
              ],
              [
                -62.2193238,
                -38.7441419
              ],
              [
                -62.2203449,
                -38.7449544
              ],
              [
                -62.2214025,
                -38.7441484
              ],
              [
                -62.2265242,
                -38.7482845
              ],
              [
                -62.2276143,
                -38.7474731
              ],
              [
                -62.2292068,
                -38.7487698
              ],
              [
                -62.2311919,
                -38.7480871
              ],
              [
                -62.2327376,
                -38.7467919
              ],
              [
                -62.2335079,
                -38.7455637
              ],
              [
                -62.2266932,
                -38.7400426
              ],
              [
                -62.2256881,
                -38.7392206
              ]
            ]
          ]
        ]
      }
    },
    {
      "type": "Feature",
      "properties": {
        "NAME": "Villa Moresino",
        "FUENTE": "MBB"
      },
      "geometry": {
        "type": "MultiPolygon",
        "coordinates": [
          [
            [
              [
                -62.2399583,
                -38.7451471
              ],
              [
                -62.2398452,
                -38.7452455
              ],
              [
                -62.2393199,
                -38.7466098
              ],
              [
                -62.2389102,
                -38.74819
              ],
              [
                -62.2379391,
                -38.7489828
              ],
              [
                -62.2371401,
                -38.7495968
              ],
              [
                -62.2363778,
                -38.7501832
              ],
              [
                -62.2360614,
                -38.7509994
              ],
              [
                -62.2360199,
                -38.7515959
              ],
              [
                -62.236093,
                -38.7521603
              ],
              [
                -62.2359976,
                -38.752861
              ],
              [
                -62.2360376,
                -38.7532654
              ],
              [
                -62.236251,
                -38.753865
              ],
              [
                -62.23656,
                -38.7545684
              ],
              [
                -62.2367841,
                -38.7549824
              ],
              [
                -62.2380715,
                -38.7556542
              ],
              [
                -62.2387515,
                -38.7561949
              ],
              [
                -62.2393437,
                -38.7562499
              ],
              [
                -62.2395891,
                -38.7563202
              ],
              [
                -62.2424429,
                -38.7574871
              ],
              [
                -62.2439496,
                -38.7563417
              ],
              [
                -62.2457962,
                -38.7549472
              ],
              [
                -62.2470578,
                -38.7539888
              ],
              [
                -62.2498613,
                -38.7518498
              ],
              [
                -62.2486669,
                -38.7508933
              ],
              [
                -62.2473662,
                -38.7498418
              ],
              [
                -62.244959,
                -38.747906
              ],
              [
                -62.2441021,
                -38.7485226
              ],
              [
                -62.2403785,
                -38.7455259
              ],
              [
                -62.2399583,
                -38.7451471
              ]
            ]
          ]
        ]
      }
    },
    {
      "type": "Feature",
      "properties": {
        "NAME": "Villa Rosas",
        "FUENTE": "MBB"
      },
      "geometry": {
        "type": "MultiPolygon",
        "coordinates": [
          [
            [
              [
                -62.2595541,
                -38.7476286
              ],
              [
                -62.2574208,
                -38.749231
              ],
              [
                -62.2599255,
                -38.7513156
              ],
              [
                -62.2546672,
                -38.7553714
              ],
              [
                -62.2546305,
                -38.7573726
              ],
              [
                -62.2549128,
                -38.7584986
              ],
              [
                -62.2555227,
                -38.7595372
              ],
              [
                -62.2562359,
                -38.7602771
              ],
              [
                -62.2574693,
                -38.7610515
              ],
              [
                -62.2587555,
                -38.7614556
              ],
              [
                -62.2600278,
                -38.7616298
              ],
              [
                -62.2613194,
                -38.761523
              ],
              [
                -62.2624,
                -38.7612743
              ],
              [
                -62.2640457,
                -38.7605179
              ],
              [
                -62.2646548,
                -38.7600618
              ],
              [
                -62.2698665,
                -38.7559078
              ],
              [
                -62.2597175,
                -38.7477786
              ],
              [
                -62.2595541,
                -38.7476286
              ]
            ]
          ]
        ]
      }
    },
    {
      "type": "Feature",
      "properties": {
        "NAME": "Barrio Colon",
        "FUENTE": "MBB"
      },
      "geometry": {
        "type": "MultiPolygon",
        "coordinates": [
          [
            [
              [
                -62.279348,
                -38.7287952
              ],
              [
                -62.27717,
                -38.7304176
              ],
              [
                -62.2883181,
                -38.7394093
              ],
              [
                -62.2893358,
                -38.7386391
              ],
              [
                -62.2905052,
                -38.7395543
              ],
              [
                -62.2916414,
                -38.7386303
              ],
              [
                -62.2794549,
                -38.7288634
              ],
              [
                -62.279348,
                -38.7287952
              ]
            ]
          ]
        ]
      }
    },
    {
      "type": "Feature",
      "properties": {
        "NAME": "Barrio San Martin",
        "FUENTE": "MBB"
      },
      "geometry": {
        "type": "MultiPolygon",
        "coordinates": [
          [
            [
              [
                -62.27717,
                -38.7304176
              ],
              [
                -62.2738547,
                -38.7328864
              ],
              [
                -62.2730415,
                -38.7330067
              ],
              [
                -62.2719119,
                -38.7331858
              ],
              [
                -62.2717084,
                -38.7332264
              ],
              [
                -62.2711297,
                -38.7334066
              ],
              [
                -62.2695982,
                -38.7339638
              ],
              [
                -62.2666398,
                -38.7361533
              ],
              [
                -62.2705466,
                -38.7392629
              ],
              [
                -62.2702342,
                -38.7395117
              ],
              [
                -62.2750872,
                -38.7433645
              ],
              [
                -62.2768679,
                -38.7448049
              ],
              [
                -62.2769213,
                -38.7448052
              ],
              [
                -62.2850608,
                -38.7386149
              ],
              [
                -62.2846357,
                -38.7382562
              ],
              [
                -62.280902,
                -38.735143
              ],
              [
                -62.2807967,
                -38.7349919
              ],
              [
                -62.2802585,
                -38.7343199
              ],
              [
                -62.2796265,
                -38.7334132
              ],
              [
                -62.2786549,
                -38.7317552
              ],
              [
                -62.2786698,
                -38.7316275
              ],
              [
                -62.27717,
                -38.7304176
              ]
            ]
          ]
        ]
      }
    },
    {
      "type": "Feature",
      "properties": {
        "NAME": "Enrique Julio",
        "FUENTE": "MBB"
      },
      "geometry": {
        "type": "MultiPolygon",
        "coordinates": [
          [
            [
              [
                -62.2850608,
                -38.7386149
              ],
              [
                -62.2769213,
                -38.7448052
              ],
              [
                -62.2804439,
                -38.7476519
              ],
              [
                -62.2884482,
                -38.7414052
              ],
              [
                -62.2884482,
                -38.7414052
              ],
              [
                -62.2850608,
                -38.7386149
              ]
            ]
          ]
        ]
      }
    },
    {
      "type": "Feature",
      "properties": {
        "NAME": "Villa Parodi",
        "FUENTE": "MBB"
      },
      "geometry": {
        "type": "MultiPolygon",
        "coordinates": [
          [
            [
              [
                -62.2649224,
                -38.7435828
              ],
              [
                -62.2595541,
                -38.7476286
              ],
              [
                -62.2597175,
                -38.7477786
              ],
              [
                -62.2638031,
                -38.7510515
              ],
              [
                -62.2691266,
                -38.746984
              ],
              [
                -62.2660468,
                -38.7445146
              ],
              [
                -62.2655561,
                -38.7441341
              ],
              [
                -62.265437,
                -38.7439823
              ],
              [
                -62.2649224,
                -38.7435828
              ]
            ]
          ]
        ]
      }
    },
    {
      "type": "Feature",
      "properties": {
        "NAME": "Enrique Julio",
        "FUENTE": "MBB"
      },
      "geometry": {
        "type": "MultiPolygon",
        "coordinates": [
          [
            [
              [
                -62.2691406,
                -38.7469952
              ],
              [
                -62.2638031,
                -38.7510515
              ],
              [
                -62.2661763,
                -38.7529524
              ],
              [
                -62.2715442,
                -38.7488622
              ],
              [
                -62.2691406,
                -38.7469952
              ]
            ]
          ]
        ]
      }
    },
    {
      "type": "Feature",
      "properties": {
        "NAME": "Bella Vista",
        "FUENTE": "MBB"
      },
      "geometry": {
        "type": "MultiPolygon",
        "coordinates": [
          [
            [
              [
                -62.2457675,
                -38.7087636
              ],
              [
                -62.2434235,
                -38.7105409
              ],
              [
                -62.2428762,
                -38.7101054
              ],
              [
                -62.2409384,
                -38.7115369
              ],
              [
                -62.2404258,
                -38.7111291
              ],
              [
                -62.239923,
                -38.7114481
              ],
              [
                -62.2386037,
                -38.7122176
              ],
              [
                -62.2372637,
                -38.7130042
              ],
              [
                -62.2369298,
                -38.7130912
              ],
              [
                -62.2377403,
                -38.713587
              ],
              [
                -62.2389658,
                -38.7145137
              ],
              [
                -62.2400801,
                -38.7154569
              ],
              [
                -62.2402292,
                -38.7154373
              ],
              [
                -62.2415956,
                -38.7154805
              ],
              [
                -62.243903,
                -38.7155571
              ],
              [
                -62.2450623,
                -38.7161337
              ],
              [
                -62.2456062,
                -38.7162967
              ],
              [
                -62.2462088,
                -38.7164789
              ],
              [
                -62.2463309,
                -38.7165345
              ],
              [
                -62.2486637,
                -38.7183855
              ],
              [
                -62.2488529,
                -38.7184972
              ],
              [
                -62.2508229,
                -38.7200591
              ],
              [
                -62.2509635,
                -38.72004
              ],
              [
                -62.2513076,
                -38.7198734
              ],
              [
                -62.2522679,
                -38.7203595
              ],
              [
                -62.2526422,
                -38.7201495
              ],
              [
                -62.2527437,
                -38.7200557
              ],
              [
                -62.2529801,
                -38.7197268
              ],
              [
                -62.2539689,
                -38.7184755
              ],
              [
                -62.2544313,
                -38.7179674
              ],
              [
                -62.2544431,
                -38.715986
              ],
              [
                -62.2544143,
                -38.7137434
              ],
              [
                -62.253338,
                -38.7132455
              ],
              [
                -62.253338,
                -38.7132455
              ],
              [
                -62.2529232,
                -38.7137262
              ],
              [
                -62.2524905,
                -38.7143463
              ],
              [
                -62.2502396,
                -38.7125282
              ],
              [
                -62.249887,
                -38.7122385
              ],
              [
                -62.2499938,
                -38.7121543
              ],
              [
                -62.2457675,
                -38.7087636
              ]
            ]
          ]
        ]
      }
    },
    {
      "type": "Feature",
      "properties": {
        "NAME": "Barrio El Nacional",
        "FUENTE": "MBB"
      },
      "geometry": {
        "type": "MultiPolygon",
        "coordinates": [
          [
            [
              [
                -62.2185577,
                -38.7044743
              ],
              [
                -62.217712,
                -38.7038082
              ],
              [
                -62.217685,
                -38.7037867
              ],
              [
                -62.2170584,
                -38.7042583
              ],
              [
                -62.2132828,
                -38.7070925
              ],
              [
                -62.2179778,
                -38.7110769
              ],
              [
                -62.2185999,
                -38.7106159
              ],
              [
                -62.2210603,
                -38.7087642
              ],
              [
                -62.2225078,
                -38.7076666
              ],
              [
                -62.2185577,
                -38.7044743
              ]
            ]
          ]
        ]
      }
    },
    {
      "type": "Feature",
      "properties": {
        "NAME": "Altos del Pinar",
        "FUENTE": "MBB"
      },
      "geometry": {
        "type": "MultiPolygon",
        "coordinates": [
          [
            [
              [
                -62.2225078,
                -38.7076666
              ],
              [
                -62.2179778,
                -38.7110769
              ],
              [
                -62.2179281,
                -38.7111922
              ],
              [
                -62.2138343,
                -38.7142629
              ],
              [
                -62.2183759,
                -38.7179364
              ],
              [
                -62.219614,
                -38.7189812
              ],
              [
                -62.2240178,
                -38.7156749
              ],
              [
                -62.2266172,
                -38.7136684
              ],
              [
                -62.2271125,
                -38.7133244
              ],
              [
                -62.2256672,
                -38.7105805
              ],
              [
                -62.2236151,
                -38.7089094
              ],
              [
                -62.2233092,
                -38.7085908
              ],
              [
                -62.2227448,
                -38.7079725
              ],
              [
                -62.2225078,
                -38.7076666
              ]
            ]
          ]
        ]
      }
    },
    {
      "type": "Feature",
      "properties": {
        "NAME": "Molina Campos",
        "FUENTE": "MBB"
      },
      "geometry": {
        "type": "MultiPolygon",
        "coordinates": [
          [
            [
              [
                -62.2126688,
                -38.6865896
              ],
              [
                -62.2133013,
                -38.686102
              ],
              [
                -62.2126688,
                -38.6865896
              ],
              [
                -62.2171187,
                -38.6902056
              ],
              [
                -62.2209011,
                -38.6873373
              ],
              [
                -62.2299545,
                -38.6944663
              ],
              [
                -62.2299545,
                -38.6944663
              ],
              [
                -62.2328405,
                -38.692328
              ],
              [
                -62.2344108,
                -38.6911863
              ],
              [
                -62.2380775,
                -38.6943782
              ],
              [
                -62.2442655,
                -38.6896321
              ],
              [
                -62.2449727,
                -38.6899798
              ],
              [
                -62.2458115,
                -38.6902079
              ],
              [
                -62.2469112,
                -38.6904097
              ],
              [
                -62.2480116,
                -38.6905467
              ],
              [
                -62.2517505,
                -38.6877956
              ],
              [
                -62.2457079,
                -38.6853439
              ],
              [
                -62.2437265,
                -38.6844502
              ],
              [
                -62.2402772,
                -38.6827408
              ],
              [
                -62.2391561,
                -38.682163
              ],
              [
                -62.2374418,
                -38.6812589
              ],
              [
                -62.2359922,
                -38.6805185
              ],
              [
                -62.2347915,
                -38.6799401
              ],
              [
                -62.2340358,
                -38.6798892
              ],
              [
                -62.2337279,
                -38.679878
              ],
              [
                -62.2303655,
                -38.6799715
              ],
              [
                -62.2290385,
                -38.6799999
              ],
              [
                -62.228519,
                -38.6798388
              ],
              [
                -62.2268193,
                -38.6792711
              ],
              [
                -62.2260081,
                -38.6786999
              ],
              [
                -62.2255387,
                -38.6782887
              ],
              [
                -62.2251194,
                -38.6778912
              ],
              [
                -62.22464,
                -38.677313
              ],
              [
                -62.223587,
                -38.6771825
              ],
              [
                -62.222696,
                -38.6766187
              ],
              [
                -62.2192971,
                -38.6766826
              ],
              [
                -62.2162139,
                -38.676725
              ],
              [
                -62.214794,
                -38.6765856
              ],
              [
                -62.2124158,
                -38.6763377
              ],
              [
                -62.2109137,
                -38.6761328
              ],
              [
                -62.2088083,
                -38.6759212
              ],
              [
                -62.2080599,
                -38.6757512
              ],
              [
                -62.207676,
                -38.6754869
              ],
              [
                -62.2073377,
                -38.6750116
              ],
              [
                -62.2069658,
                -38.6743598
              ],
              [
                -62.2066408,
                -38.673764
              ],
              [
                -62.2065273,
                -38.6733087
              ],
              [
                -62.2062458,
                -38.6730656
              ],
              [
                -62.2050478,
                -38.6727184
              ],
              [
                -62.2039385,
                -38.6723491
              ],
              [
                -62.2035601,
                -38.6722909
              ],
              [
                -62.2028965,
                -38.6723235
              ],
              [
                -62.2019716,
                -38.6724099
              ],
              [
                -62.2013783,
                -38.6725079
              ],
              [
                -62.2009973,
                -38.6726908
              ],
              [
                -62.2007227,
                -38.6728837
              ],
              [
                -62.200104,
                -38.6741966
              ],
              [
                -62.1998302,
                -38.6747497
              ],
              [
                -62.2004964,
                -38.675178
              ],
              [
                -62.2011506,
                -38.6756743
              ],
              [
                -62.2043067,
                -38.6782416
              ],
              [
                -62.2059825,
                -38.6796528
              ],
              [
                -62.206451,
                -38.6792992
              ],
              [
                -62.209974,
                -38.6821458
              ],
              [
                -62.2092049,
                -38.6827445
              ],
              [
                -62.212415,
                -38.6853962
              ],
              [
                -62.2133013,
                -38.686102
              ],
              [
                -62.2132836,
                -38.6861156
              ],
              [
                -62.2126688,
                -38.6865896
              ]
            ]
          ]
        ]
      }
    },
    {
      "type": "Feature",
      "properties": {
        "NAME": "Barrio Miramar",
        "FUENTE": "MBB"
      },
      "geometry": {
        "type": "MultiPolygon",
        "coordinates": [
          [
            [
              [
                -62.2447521,
                -38.7079489
              ],
              [
                -62.2422726,
                -38.7098346
              ],
              [
                -62.239066,
                -38.7071917
              ],
              [
                -62.2365434,
                -38.7090245
              ],
              [
                -62.2390848,
                -38.7110971
              ],
              [
                -62.239603,
                -38.7107617
              ],
              [
                -62.2402294,
                -38.7112537
              ],
              [
                -62.2404258,
                -38.7111291
              ],
              [
                -62.2409384,
                -38.7115369
              ],
              [
                -62.2428762,
                -38.7101054
              ],
              [
                -62.2434235,
                -38.7105409
              ],
              [
                -62.2457675,
                -38.7087636
              ],
              [
                -62.2447521,
                -38.7079489
              ]
            ]
          ]
        ]
      }
    },
    {
      "type": "Feature",
      "properties": {
        "NAME": "Barrio El Sol",
        "FUENTE": "MBB"
      },
      "geometry": {
        "type": "MultiPolygon",
        "coordinates": [
          [
            [
              [
                -62.2324489,
                -38.7512815
              ],
              [
                -62.2357197,
                -38.7488255
              ],
              [
                -62.2331736,
                -38.7468003
              ],
              [
                -62.2299567,
                -38.7492969
              ],
              [
                -62.2324489,
                -38.7512815
              ]
            ]
          ]
        ]
      }
    },
    {
      "type": "Feature",
      "properties": {
        "NAME": "12 de Octubre",
        "FUENTE": "MBB"
      },
      "geometry": {
        "type": "MultiPolygon",
        "coordinates": [
          [
            [
              [
                -62.2117886,
                -38.7348221
              ],
              [
                -62.2076809,
                -38.7380236
              ],
              [
                -62.2128821,
                -38.7423466
              ],
              [
                -62.2171513,
                -38.7390651
              ],
              [
                -62.2117886,
                -38.7348221
              ]
            ]
          ]
        ]
      }
    },
    {
      "type": "Feature",
      "properties": {
        "NAME": "Los Cha¤ares",
        "FUENTE": "MBB"
      },
      "geometry": {
        "type": "MultiPolygon",
        "coordinates": [
          [
            [
              [
                -62.3261286,
                -38.6715615
              ],
              [
                -62.3185524,
                -38.6774134
              ],
              [
                -62.3298996,
                -38.6864045
              ],
              [
                -62.3374533,
                -38.6805692
              ],
              [
                -62.3261286,
                -38.6715615
              ]
            ]
          ]
        ]
      }
    },
    {
      "type": "Feature",
      "properties": {
        "NAME": "Villa Bordeu y Don Ramiro",
        "FUENTE": "MBB"
      },
      "geometry": {
        "type": "MultiPolygon",
        "coordinates": [
          [
            [
              [
                -62.3374533,
                -38.6805692
              ],
              [
                -62.3224407,
                -38.692179
              ],
              [
                -62.3264227,
                -38.695287
              ],
              [
                -62.3286098,
                -38.6952996
              ],
              [
                -62.3290138,
                -38.6956199
              ],
              [
                -62.3289821,
                -38.697716
              ],
              [
                -62.3347819,
                -38.7023414
              ],
              [
                -62.3343859,
                -38.7034649
              ],
              [
                -62.335134,
                -38.7040597
              ],
              [
                -62.3555882,
                -38.695047
              ],
              [
                -62.3374533,
                -38.6805692
              ]
            ]
          ]
        ]
      }
    },
    {
      "type": "Feature",
      "properties": {
        "NAME": "Barrio Parque Norte",
        "FUENTE": "MBB"
      },
      "geometry": {
        "type": "MultiPolygon",
        "coordinates": [
          [
            [
              [
                -62.2597256,
                -38.6632717
              ],
              [
                -62.2556634,
                -38.666388
              ],
              [
                -62.261042,
                -38.6706913
              ],
              [
                -62.2651276,
                -38.6675285
              ],
              [
                -62.2597256,
                -38.6632717
              ]
            ]
          ]
        ]
      }
    },
    {
      "type": "Feature",
      "properties": {
        "NAME": "Barrio Los Horneros",
        "FUENTE": "MBB"
      },
      "geometry": {
        "type": "MultiPolygon",
        "coordinates": [
          [
            [
              [
                -62.201867,
                -38.6865858
              ],
              [
                -62.1977337,
                -38.6896733
              ],
              [
                -62.2030176,
                -38.6939524
              ],
              [
                -62.2044282,
                -38.6928388
              ],
              [
                -62.2070736,
                -38.6908327
              ],
              [
                -62.201867,
                -38.6865858
              ]
            ]
          ]
        ]
      }
    },
    {
      "type": "Feature",
      "properties": {
        "NAME": "San Ignacio",
        "FUENTE": "MBB"
      },
      "geometry": {
        "type": "MultiPolygon",
        "coordinates": [
          [
            [
              [
                -62.2179281,
                -38.7111922
              ],
              [
                -62.2179778,
                -38.7110769
              ],
              [
                -62.2134356,
                -38.707222
              ],
              [
                -62.2086211,
                -38.7107699
              ],
              [
                -62.2134159,
                -38.7146576
              ],
              [
                -62.2138343,
                -38.7142629
              ],
              [
                -62.2179281,
                -38.7111922
              ]
            ]
          ]
        ]
      }
    },
    {
      "type": "Feature",
      "properties": {
        "NAME": "Villa Harding Green",
        "FUENTE": "MBB"
      },
      "geometry": {
        "type": "MultiPolygon",
        "coordinates": [
          [
            [
              [
                -62.1960946,
                -38.7083368
              ],
              [
                -62.1918784,
                -38.7114969
              ],
              [
                -62.1873982,
                -38.7078266
              ],
              [
                -62.1830594,
                -38.7112902
              ],
              [
                -62.1874467,
                -38.7148824
              ],
              [
                -62.1841933,
                -38.7173069
              ],
              [
                -62.1855195,
                -38.7199431
              ],
              [
                -62.1879805,
                -38.7218651
              ],
              [
                -62.1901304,
                -38.7202212
              ],
              [
                -62.192276,
                -38.718608
              ],
              [
                -62.2007885,
                -38.7121649
              ],
              [
                -62.1960946,
                -38.7083368
              ]
            ]
          ]
        ]
      }
    },
    {
      "type": "Feature",
      "properties": {
        "NAME": "Barrio San Vicente",
        "FUENTE": "MBB"
      },
      "geometry": {
        "type": "MultiPolygon",
        "coordinates": [
          [
            [
              [
                -62.1750632,
                -38.7383385
              ],
              [
                -62.1706501,
                -38.7416436
              ],
              [
                -62.1726735,
                -38.7433254
              ],
              [
                -62.1770872,
                -38.7399752
              ],
              [
                -62.1750632,
                -38.7383385
              ]
            ]
          ]
        ]
      }
    },
    {
      "type": "Feature",
      "properties": {
        "NAME": "Grunbein",
        "FUENTE": "MBB"
      },
      "geometry": {
        "type": "MultiPolygon",
        "coordinates": [
          [
            [
              [
                -62.1831091,
                -38.7482712
              ],
              [
                -62.172733,
                -38.7504089
              ],
              [
                -62.174081,
                -38.7542679
              ],
              [
                -62.1740989,
                -38.7543612
              ],
              [
                -62.1741248,
                -38.7544527
              ],
              [
                -62.1741587,
                -38.7545415
              ],
              [
                -62.1742001,
                -38.754627
              ],
              [
                -62.1742489,
                -38.7547087
              ],
              [
                -62.1743045,
                -38.7547857
              ],
              [
                -62.1743667,
                -38.7548576
              ],
              [
                -62.1744349,
                -38.7549238
              ],
              [
                -62.1745086,
                -38.7549838
              ],
              [
                -62.1745873,
                -38.7550372
              ],
              [
                -62.1746703,
                -38.7550835
              ],
              [
                -62.174757,
                -38.7551224
              ],
              [
                -62.1748468,
                -38.7551536
              ],
              [
                -62.174939,
                -38.7551768
              ],
              [
                -62.1750329,
                -38.7551919
              ],
              [
                -62.1751277,
                -38.7551988
              ],
              [
                -62.1752227,
                -38.7551974
              ],
              [
                -62.1753173,
                -38.7551877
              ],
              [
                -62.1754106,
                -38.7551698
              ],
              [
                -62.1755021,
                -38.7551439
              ],
              [
                -62.1755909,
                -38.75511
              ],
              [
                -62.1756489,
                -38.7550829
              ],
              [
                -62.1847702,
                -38.7532197
              ],
              [
                -62.1831091,
                -38.7482712
              ]
            ]
          ]
        ]
      }
    },
    {
      "type": "Feature",
      "properties": {
        "NAME": "Villa Gloria",
        "FUENTE": "MBB"
      },
      "geometry": {
        "type": "MultiPolygon",
        "coordinates": [
          [
            [
              [
                -62.19517,
                -38.7479388
              ],
              [
                -62.1902322,
                -38.7489357
              ],
              [
                -62.1934281,
                -38.7514829
              ],
              [
                -62.1983316,
                -38.750479
              ],
              [
                -62.19517,
                -38.7479388
              ]
            ]
          ]
        ]
      }
    },
    {
      "type": "Feature",
      "properties": {
        "NAME": "Barrio Parque San Miguel",
        "FUENTE": "MBB"
      },
      "geometry": {
        "type": "MultiPolygon",
        "coordinates": [
          [
            [
              [
                -62.1988203,
                -38.7375159
              ],
              [
                -62.1902776,
                -38.7439611
              ],
              [
                -62.19517,
                -38.7479388
              ],
              [
                -62.1983316,
                -38.750479
              ],
              [
                -62.2015169,
                -38.749808
              ],
              [
                -62.2040815,
                -38.7487646
              ],
              [
                -62.2084922,
                -38.7454387
              ],
              [
                -62.1988203,
                -38.7375159
              ]
            ]
          ]
        ]
      }
    },
    {
      "type": "Feature",
      "properties": {
        "NAME": "Barrio 17 de Mayo",
        "FUENTE": "MBB"
      },
      "geometry": {
        "type": "MultiPolygon",
        "coordinates": [
          [
            [
              [
                -62.1634099,
                -38.7425117
              ],
              [
                -62.1545666,
                -38.749139
              ],
              [
                -62.1575145,
                -38.7514903
              ],
              [
                -62.1662842,
                -38.7448334
              ],
              [
                -62.1634099,
                -38.7425117
              ]
            ]
          ]
        ]
      }
    },
    {
      "type": "Feature",
      "properties": {
        "NAME": "Barrio Lujan",
        "FUENTE": "MBB"
      },
      "geometry": {
        "type": "MultiPolygon",
        "coordinates": [
          [
            [
              [
                -62.3000107,
                -38.7030115
              ],
              [
                -62.2961873,
                -38.7059761
              ],
              [
                -62.2953317,
                -38.7071006
              ],
              [
                -62.2966716,
                -38.7086765
              ],
              [
                -62.29804,
                -38.7101035
              ],
              [
                -62.2986838,
                -38.7106045
              ],
              [
                -62.3041988,
                -38.7063517
              ],
              [
                -62.3000107,
                -38.7030115
              ]
            ]
          ]
        ]
      }
    },
    {
      "type": "Feature",
      "properties": {
        "NAME": "Barrio Naposta",
        "FUENTE": "MBB"
      },
      "geometry": {
        "type": "MultiPolygon",
        "coordinates": [
          [
            [
              [
                -62.2584388,
                -38.7070078
              ],
              [
                -62.2577599,
                -38.7073791
              ],
              [
                -62.2576621,
                -38.7076706
              ],
              [
                -62.2573985,
                -38.7085611
              ],
              [
                -62.2573985,
                -38.7085611
              ],
              [
                -62.2570038,
                -38.7090502
              ],
              [
                -62.2570038,
                -38.7090502
              ],
              [
                -62.2570038,
                -38.7090502
              ],
              [
                -62.2562427,
                -38.7099869
              ],
              [
                -62.2562427,
                -38.7099869
              ],
              [
                -62.2590774,
                -38.7121189
              ],
              [
                -62.2642965,
                -38.7056587
              ],
              [
                -62.2642965,
                -38.7056587
              ],
              [
                -62.2676598,
                -38.7014835
              ],
              [
                -62.2687342,
                -38.7000917
              ],
              [
                -62.2645743,
                -38.6980739
              ],
              [
                -62.264073,
                -38.7004092
              ],
              [
                -62.2634624,
                -38.7012308
              ],
              [
                -62.262776,
                -38.70229
              ],
              [
                -62.2620088,
                -38.7031963
              ],
              [
                -62.2605867,
                -38.7044578
              ],
              [
                -62.2587458,
                -38.7056375
              ],
              [
                -62.2576405,
                -38.7063258
              ],
              [
                -62.2584388,
                -38.7070078
              ]
            ]
          ]
        ]
      }
    },
    {
      "type": "Feature",
      "properties": {
        "NAME": "Barrio Parque Patagonia",
        "FUENTE": "MBB"
      },
      "geometry": {
        "type": "MultiPolygon",
        "coordinates": [
          [
            [
              [
                -62.2299545,
                -38.6944663
              ],
              [
                -62.2209011,
                -38.6873373
              ],
              [
                -62.2171187,
                -38.6902056
              ],
              [
                -62.2126688,
                -38.6865896
              ],
              [
                -62.2044603,
                -38.6928145
              ],
              [
                -62.217685,
                -38.7037867
              ],
              [
                -62.2299545,
                -38.6944663
              ]
            ]
          ]
        ]
      }
    },
    {
      "type": "Feature",
      "properties": {
        "NAME": "Villa Soldati",
        "FUENTE": "MBB"
      },
      "geometry": {
        "type": "MultiPolygon",
        "coordinates": [
          [
            [
              [
                -62.2384821,
                -38.7294007
              ],
              [
                -62.2342395,
                -38.7326563
              ],
              [
                -62.2399247,
                -38.7372174
              ],
              [
                -62.2442257,
                -38.7339774
              ],
              [
                -62.2384821,
                -38.7294007
              ]
            ]
          ]
        ]
      }
    },
    {
      "type": "Feature",
      "properties": {
        "NAME": "Barrio 17 de Agosto",
        "FUENTE": "MBB"
      },
      "geometry": {
        "type": "MultiPolygon",
        "coordinates": [
          [
            [
              [
                -62.192276,
                -38.718608
              ],
              [
                -62.1901304,
                -38.7202212
              ],
              [
                -62.1948099,
                -38.7240408
              ],
              [
                -62.196936,
                -38.7224422
              ],
              [
                -62.192276,
                -38.718608
              ]
            ]
          ]
        ]
      }
    },
    {
      "type": "Feature",
      "properties": {
        "NAME": "Barrio Cooperacion II",
        "FUENTE": "MBB"
      },
      "geometry": {
        "type": "MultiPolygon",
        "coordinates": [
          [
            [
              [
                -62.2970737,
                -38.6818889
              ],
              [
                -62.2953304,
                -38.6804787
              ],
              [
                -62.2894242,
                -38.6850373
              ],
              [
                -62.2928336,
                -38.687747
              ],
              [
                -62.2987623,
                -38.6832381
              ],
              [
                -62.2970737,
                -38.6818889
              ]
            ]
          ]
        ]
      }
    },
    {
      "type": "Feature",
      "properties": {
        "NAME": "Barrio Millamapu",
        "FUENTE": "MBB"
      },
      "geometry": {
        "type": "MultiPolygon",
        "coordinates": [
          [
            [
              [
                -62.2137494,
                -38.7004693
              ],
              [
                -62.2137163,
                -38.7004944
              ],
              [
                -62.2058823,
                -38.6940293
              ],
              [
                -62.2023811,
                -38.6966557
              ],
              [
                -62.2057912,
                -38.6994291
              ],
              [
                -62.2034443,
                -38.7012366
              ],
              [
                -62.2079958,
                -38.7048385
              ],
              [
                -62.2137494,
                -38.7004693
              ]
            ]
          ]
        ]
      }
    },
    {
      "type": "Feature",
      "properties": {
        "NAME": "Barrio Oasis",
        "FUENTE": "MBB"
      },
      "geometry": {
        "type": "MultiPolygon",
        "coordinates": [
          [
            [
              [
                -62.2193238,
                -38.7441419
              ],
              [
                -62.2214396,
                -38.7425257
              ],
              [
                -62.2171513,
                -38.7390651
              ],
              [
                -62.2128821,
                -38.7423466
              ],
              [
                -62.217076,
                -38.7457909
              ],
              [
                -62.2192488,
                -38.7440962
              ],
              [
                -62.2193238,
                -38.7441419
              ]
            ]
          ]
        ]
      }
    },
    {
      "type": "Feature",
      "properties": {
        "NAME": "San Jorge",
        "FUENTE": "MBB"
      },
      "geometry": {
        "type": "MultiPolygon",
        "coordinates": [
          [
            [
              [
                -62.2096949,
                -38.7261985
              ],
              [
                -62.2152487,
                -38.7307935
              ],
              [
                -62.2194807,
                -38.7275889
              ],
              [
                -62.2168737,
                -38.7254959
              ],
              [
                -62.2141536,
                -38.7233306
              ],
              [
                -62.2141536,
                -38.7233306
              ],
              [
                -62.2138178,
                -38.7230227
              ],
              [
                -62.2138178,
                -38.7230227
              ],
              [
                -62.2138178,
                -38.7230227
              ],
              [
                -62.2096949,
                -38.7261985
              ]
            ]
          ]
        ]
      }
    },
    {
      "type": "Feature",
      "properties": {
        "NAME": "Villa Ressia",
        "FUENTE": "MBB"
      },
      "geometry": {
        "type": "MultiPolygon",
        "coordinates": [
          [
            [
              [
                -62.274515,
                -38.7429103
              ],
              [
                -62.2702342,
                -38.7395117
              ],
              [
                -62.2705466,
                -38.7392629
              ],
              [
                -62.2671221,
                -38.7365372
              ],
              [
                -62.2626572,
                -38.7400644
              ],
              [
                -62.2659771,
                -38.7427898
              ],
              [
                -62.2649224,
                -38.7435828
              ],
              [
                -62.265437,
                -38.7439823
              ],
              [
                -62.2655561,
                -38.7441341
              ],
              [
                -62.2660468,
                -38.7445146
              ],
              [
                -62.2691406,
                -38.7469952
              ],
              [
                -62.274515,
                -38.7429103
              ]
            ]
          ]
        ]
      }
    },
    {
      "type": "Feature",
      "properties": {
        "NAME": "1810",
        "FUENTE": "MBB"
      },
      "geometry": {
        "type": "MultiPolygon",
        "coordinates": [
          [
            [
              [
                -62.2494342,
                -38.7444016
              ],
              [
                -62.25053,
                -38.7435087
              ],
              [
                -62.2492538,
                -38.7424785
              ],
              [
                -62.2504558,
                -38.7415162
              ],
              [
                -62.2499358,
                -38.74109
              ],
              [
                -62.2475004,
                -38.7428564
              ],
              [
                -62.2494342,
                -38.7444016
              ]
            ]
          ]
        ]
      }
    },
    {
      "type": "Feature",
      "properties": {
        "NAME": "Barrio Rivadavia",
        "FUENTE": "MBB"
      },
      "geometry": {
        "type": "MultiPolygon",
        "coordinates": [
          [
            [
              [
                -62.2544087,
                -38.7304787
              ],
              [
                -62.249093,
                -38.7345454
              ],
              [
                -62.2489255,
                -38.7352727
              ],
              [
                -62.2488459,
                -38.7354739
              ],
              [
                -62.2486421,
                -38.7361795
              ],
              [
                -62.2484776,
                -38.7368854
              ],
              [
                -62.2482297,
                -38.7378123
              ],
              [
                -62.2477443,
                -38.7391462
              ],
              [
                -62.2469642,
                -38.7404782
              ],
              [
                -62.2459363,
                -38.7410863
              ],
              [
                -62.2454635,
                -38.7412372
              ],
              [
                -62.2475004,
                -38.7428564
              ],
              [
                -62.2499358,
                -38.74109
              ],
              [
                -62.2504558,
                -38.7415162
              ],
              [
                -62.2492538,
                -38.7424785
              ],
              [
                -62.25053,
                -38.7435087
              ],
              [
                -62.2494342,
                -38.7444016
              ],
              [
                -62.2542472,
                -38.748249
              ],
              [
                -62.2544246,
                -38.7374613
              ],
              [
                -62.2544022,
                -38.7371038
              ],
              [
                -62.2542867,
                -38.7369193
              ],
              [
                -62.25417,
                -38.7368471
              ],
              [
                -62.2542112,
                -38.7341667
              ],
              [
                -62.2544402,
                -38.7339743
              ],
              [
                -62.2544087,
                -38.7304787
              ]
            ]
          ]
        ]
      }
    },
    {
      "type": "Feature",
      "properties": {
        "NAME": "Hipodromo",
        "FUENTE": "MBB"
      },
      "geometry": {
        "type": "MultiPolygon",
        "coordinates": [
          [
            [
              [
                -62.2138178,
                -38.7230227
              ],
              [
                -62.2101158,
                -38.7199105
              ],
              [
                -62.2059422,
                -38.7231119
              ],
              [
                -62.2096949,
                -38.7261985
              ],
              [
                -62.2138178,
                -38.7230227
              ]
            ]
          ]
        ]
      }
    },
    {
      "type": "Feature",
      "properties": {
        "NAME": "Palos Verdes",
        "FUENTE": "MBB"
      },
      "geometry": {
        "type": "MultiPolygon",
        "coordinates": [
          [
            [
              [
                -62.2352761,
                -38.7017066
              ],
              [
                -62.2364189,
                -38.7026476
              ],
              [
                -62.2372205,
                -38.7020305
              ],
              [
                -62.2392931,
                -38.7039122
              ],
              [
                -62.2447808,
                -38.699618
              ],
              [
                -62.2427475,
                -38.6978701
              ],
              [
                -62.2379035,
                -38.6945772
              ],
              [
                -62.2380775,
                -38.6943782
              ],
              [
                -62.2344108,
                -38.6911863
              ],
              [
                -62.2260455,
                -38.6974361
              ],
              [
                -62.2307594,
                -38.7012997
              ],
              [
                -62.2318431,
                -38.7004785
              ],
              [
                -62.234261,
                -38.7024675
              ],
              [
                -62.2352761,
                -38.7017066
              ]
            ]
          ]
        ]
      }
    },
    {
      "type": "Feature",
      "properties": {
        "NAME": "5 de Abril",
        "FUENTE": "MBB"
      },
      "geometry": {
        "type": "MultiPolygon",
        "coordinates": [
          [
            [
              [
                -62.2280613,
                -38.7548189
              ],
              [
                -62.2296591,
                -38.7535558
              ],
              [
                -62.2301975,
                -38.7539906
              ],
              [
                -62.2319436,
                -38.7526469
              ],
              [
                -62.2313818,
                -38.7522048
              ],
              [
                -62.2325481,
                -38.7513439
              ],
              [
                -62.2324489,
                -38.7512815
              ],
              [
                -62.2299567,
                -38.7492969
              ],
              [
                -62.225541,
                -38.7526802
              ],
              [
                -62.2280613,
                -38.7548189
              ]
            ]
          ]
        ]
      }
    },
    {
      "type": "Feature",
      "properties": {
        "NAME": "Barrio Villa Buenos Aires",
        "FUENTE": "MBB"
      },
      "geometry": {
        "type": "MultiPolygon",
        "coordinates": [
          [
            [
              [
                -62.2246919,
                -38.7317136
              ],
              [
                -62.2204842,
                -38.7349478
              ],
              [
                -62.2207254,
                -38.7351369
              ],
              [
                -62.2209472,
                -38.7354589
              ],
              [
                -62.2210759,
                -38.7356991
              ],
              [
                -62.2200755,
                -38.7364852
              ],
              [
                -62.2192427,
                -38.7371101
              ],
              [
                -62.2189956,
                -38.7373687
              ],
              [
                -62.2169718,
                -38.7389195
              ],
              [
                -62.2200754,
                -38.7414249
              ],
              [
                -62.2211409,
                -38.7406054
              ],
              [
                -62.2201521,
                -38.7398056
              ],
              [
                -62.2211843,
                -38.7389905
              ],
              [
                -62.2201795,
                -38.7381419
              ],
              [
                -62.221753,
                -38.736943
              ],
              [
                -62.2216384,
                -38.7368649
              ],
              [
                -62.2222699,
                -38.7364112
              ],
              [
                -62.2230135,
                -38.7370094
              ],
              [
                -62.2272628,
                -38.7337627
              ],
              [
                -62.2246919,
                -38.7317136
              ]
            ]
          ]
        ]
      }
    },
    {
      "type": "Feature",
      "properties": {
        "NAME": "Barrio Austral",
        "FUENTE": "MBB"
      },
      "geometry": {
        "type": "MultiPolygon",
        "coordinates": [
          [
            [
              [
                -62.2169718,
                -38.7389195
              ],
              [
                -62.2189956,
                -38.7373687
              ],
              [
                -62.2192427,
                -38.7371101
              ],
              [
                -62.2210811,
                -38.7356949
              ],
              [
                -62.2207254,
                -38.7351369
              ],
              [
                -62.2204837,
                -38.7349482
              ],
              [
                -62.2190093,
                -38.7337781
              ],
              [
                -62.2183931,
                -38.7342597
              ],
              [
                -62.2178562,
                -38.7346371
              ],
              [
                -62.2185904,
                -38.7352432
              ],
              [
                -62.2175157,
                -38.7360187
              ],
              [
                -62.2144348,
                -38.7335655
              ],
              [
                -62.2160325,
                -38.732347
              ],
              [
                -62.218385,
                -38.7342534
              ],
              [
                -62.218385,
                -38.7342534
              ],
              [
                -62.218385,
                -38.7342534
              ],
              [
                -62.2190012,
                -38.7337717
              ],
              [
                -62.2152487,
                -38.7307935
              ],
              [
                -62.2107735,
                -38.7340196
              ],
              [
                -62.2169718,
                -38.7389195
              ]
            ]
          ]
        ]
      }
    },
    {
      "type": "Feature",
      "properties": {
        "NAME": "Barrio Pque. San Agustin",
        "FUENTE": "MBB"
      },
      "geometry": {
        "type": "MultiPolygon",
        "coordinates": [
          [
            [
              [
                -62.1973279,
                -38.7058673
              ],
              [
                -62.1973279,
                -38.7058673
              ],
              [
                -62.2016702,
                -38.709504
              ],
              [
                -62.2018445,
                -38.7096487
              ],
              [
                -62.2036099,
                -38.708325
              ],
              [
                -62.2080303,
                -38.7049715
              ],
              [
                -62.2078686,
                -38.7048483
              ],
              [
                -62.2079391,
                -38.7047936
              ],
              [
                -62.2034443,
                -38.7012366
              ],
              [
                -62.1973279,
                -38.7058673
              ]
            ]
          ]
        ]
      }
    },
    {
      "type": "Feature",
      "properties": {
        "NAME": "Barrio San Agustin",
        "FUENTE": "MBB"
      },
      "geometry": {
        "type": "MultiPolygon",
        "coordinates": [
          [
            [
              [
                -62.1977337,
                -38.6896733
              ],
              [
                -62.1936498,
                -38.6862738
              ],
              [
                -62.1873266,
                -38.6910167
              ],
              [
                -62.1978256,
                -38.6995182
              ],
              [
                -62.2017051,
                -38.6967583
              ],
              [
                -62.2041702,
                -38.694891
              ],
              [
                -62.2030176,
                -38.6939524
              ],
              [
                -62.1977337,
                -38.6896733
              ]
            ]
          ]
        ]
      }
    },
    {
      "type": "Feature",
      "properties": {
        "NAME": "Juan D. Peron",
        "FUENTE": "MBB"
      },
      "geometry": {
        "type": "MultiPolygon",
        "coordinates": [
          [
            [
              [
                -62.2160325,
                -38.732347
              ],
              [
                -62.2144348,
                -38.7335655
              ],
              [
                -62.2175157,
                -38.7360187
              ],
              [
                -62.2185904,
                -38.7352432
              ],
              [
                -62.2178562,
                -38.7346371
              ],
              [
                -62.2183891,
                -38.7342565
              ],
              [
                -62.2160325,
                -38.732347
              ]
            ]
          ]
        ]
      }
    },
    {
      "type": "Feature",
      "properties": {
        "NAME": "Barrio 9 de Noviembre",
        "FUENTE": "MBB"
      },
      "geometry": {
        "type": "MultiPolygon",
        "coordinates": [
          [
            [
              [
                -62.2238545,
                -38.7157976
              ],
              [
                -62.2184202,
                -38.7199282
              ],
              [
                -62.2220309,
                -38.7228115
              ],
              [
                -62.2272962,
                -38.718803
              ],
              [
                -62.2238545,
                -38.7157976
              ]
            ]
          ]
        ]
      }
    },
    {
      "type": "Feature",
      "properties": {
        "NAME": "Noroeste",
        "FUENTE": "MBB"
      },
      "geometry": {
        "type": "MultiPolygon",
        "coordinates": [
          [
            [
              [
                -62.2860295,
                -38.7201953
              ],
              [
                -62.2772144,
                -38.7269948
              ],
              [
                -62.279348,
                -38.7287952
              ],
              [
                -62.2916414,
                -38.7386303
              ],
              [
                -62.2918405,
                -38.7387592
              ],
              [
                -62.300592,
                -38.7318629
              ],
              [
                -62.2922827,
                -38.7251987
              ],
              [
                -62.2912058,
                -38.7243363
              ],
              [
                -62.2900612,
                -38.7251934
              ],
              [
                -62.2870558,
                -38.7227811
              ],
              [
                -62.2881877,
                -38.7219169
              ],
              [
                -62.2860295,
                -38.7201953
              ]
            ]
          ]
        ]
      }
    },
    {
      "type": "Feature",
      "properties": {
        "NAME": "Puertas al sur",
        "FUENTE": "MBB"
      },
      "geometry": {
        "type": "MultiPolygon",
        "coordinates": [
          [
            [
              [
                -62.3000451,
                -38.7322939
              ],
              [
                -62.2966864,
                -38.7349408
              ],
              [
                -62.2993381,
                -38.7370498
              ],
              [
                -62.302739,
                -38.7344704
              ],
              [
                -62.3000451,
                -38.7322939
              ]
            ]
          ]
        ]
      }
    },
    {
      "type": "Feature",
      "properties": {
        "NAME": "Gral. Arias",
        "FUENTE": "MBB"
      },
      "geometry": {
        "type": "MultiPolygon",
        "coordinates": [
          [
            [
              [
                -62.274515,
                -38.7429103
              ],
              [
                -62.2691406,
                -38.7469952
              ],
              [
                -62.2715442,
                -38.7488622
              ],
              [
                -62.2768679,
                -38.7448049
              ],
              [
                -62.274515,
                -38.7429103
              ]
            ]
          ]
        ]
      }
    },
    {
      "type": "Feature",
      "properties": {
        "NAME": "Ingeniero White",
        "FUENTE": "MBB"
      },
      "geometry": {
        "type": "MultiPolygon",
        "coordinates": [
          [
            [
              [
                -62.2672411,
                -38.7679805
              ],
              [
                -62.2587092,
                -38.7744981
              ],
              [
                -62.2671737,
                -38.7871748
              ],
              [
                -62.2674552,
                -38.7871452
              ],
              [
                -62.2726222,
                -38.7849944
              ],
              [
                -62.273945,
                -38.7842698
              ],
              [
                -62.2767701,
                -38.782963
              ],
              [
                -62.2763792,
                -38.7825877
              ],
              [
                -62.2770225,
                -38.782386
              ],
              [
                -62.2762072,
                -38.7817123
              ],
              [
                -62.2722415,
                -38.7785186
              ],
              [
                -62.2763431,
                -38.7752694
              ],
              [
                -62.2672411,
                -38.7679805
              ]
            ]
          ]
        ]
      }
    },
    {
      "type": "Feature",
      "properties": {
        "NAME": "B Palermo",
        "FUENTE": "MBB"
      },
      "geometry": {
        "type": "MultiPolygon",
        "coordinates": [
          [
            [
              [
                -62.1753977,
                -38.7556789
              ],
              [
                -62.1763392,
                -38.7579432
              ],
              [
                -62.1901465,
                -38.7549789
              ],
              [
                -62.1894104,
                -38.7528471
              ],
              [
                -62.1753977,
                -38.7556789
              ]
            ]
          ]
        ]
      }
    },
    {
      "type": "Feature",
      "properties": {
        "NAME": "Molina Campos",
        "FUENTE": "MBB"
      },
      "geometry": {
        "type": "MultiPolygon",
        "coordinates": [
          [
            [
              [
                -62.2226183,
                -38.6816225
              ],
              [
                -62.2180531,
                -38.6849655
              ],
              [
                -62.2230569,
                -38.689035
              ],
              [
                -62.2274323,
                -38.6857238
              ],
              [
                -62.225707,
                -38.6843616
              ],
              [
                -62.2258435,
                -38.6842682
              ],
              [
                -62.2226183,
                -38.6816225
              ]
            ]
          ]
        ]
      }
    },
    {
      "type": "Feature",
      "properties": {
        "NAME": "Altos de BahÇða",
        "FUENTE": "MBB"
      },
      "geometry": {
        "type": "MultiPolygon",
        "coordinates": [
          [
            [
              [
                -62.2306526,
                -38.7013894
              ],
              [
                -62.2355617,
                -38.7051401
              ],
              [
                -62.2313269,
                -38.7083633
              ],
              [
                -62.2323455,
                -38.7091741
              ],
              [
                -62.2392931,
                -38.7039122
              ],
              [
                -62.2372205,
                -38.7020305
              ],
              [
                -62.2364189,
                -38.7026476
              ],
              [
                -62.2352761,
                -38.7017066
              ],
              [
                -62.234261,
                -38.7024675
              ],
              [
                -62.2318431,
                -38.7004785
              ],
              [
                -62.2307594,
                -38.7012997
              ],
              [
                -62.2306526,
                -38.7013894
              ]
            ]
          ]
        ]
      }
    },
    {
      "type": "Feature",
      "properties": {
        "NAME": "Tiro Federal",
        "FUENTE": "MBB"
      },
      "geometry": {
        "type": "MultiPolygon",
        "coordinates": [
          [
            [
              [
                -62.2488529,
                -38.7184972
              ],
              [
                -62.2438592,
                -38.7223381
              ],
              [
                -62.2511531,
                -38.728192
              ],
              [
                -62.2511709,
                -38.7287004
              ],
              [
                -62.2531976,
                -38.7287221
              ],
              [
                -62.2532468,
                -38.7197538
              ],
              [
                -62.2529801,
                -38.7197268
              ],
              [
                -62.2527437,
                -38.7200557
              ],
              [
                -62.2526422,
                -38.7201495
              ],
              [
                -62.2522679,
                -38.7203595
              ],
              [
                -62.2513076,
                -38.7198734
              ],
              [
                -62.2509635,
                -38.72004
              ],
              [
                -62.2508229,
                -38.7200591
              ],
              [
                -62.2488529,
                -38.7184972
              ]
            ]
          ]
        ]
      }
    },
    {
      "type": "Feature",
      "properties": {
        "NAME": "Jardines de la Bahia",
        "FUENTE": "MBB"
      },
      "geometry": {
        "type": "MultiPolygon",
        "coordinates": [
          [
            [
              [
                -62.2399559,
                -38.6685094
              ],
              [
                -62.2429571,
                -38.6709016
              ],
              [
                -62.2383896,
                -38.6743061
              ],
              [
                -62.2390576,
                -38.674826
              ],
              [
                -62.2340185,
                -38.6788104
              ],
              [
                -62.2386621,
                -38.6813071
              ],
              [
                -62.2413862,
                -38.682623
              ],
              [
                -62.2441121,
                -38.6837815
              ],
              [
                -62.2479435,
                -38.680128
              ],
              [
                -62.2515362,
                -38.6766104
              ],
              [
                -62.2540126,
                -38.6746603
              ],
              [
                -62.2473164,
                -38.6694259
              ],
              [
                -62.2477959,
                -38.669047
              ],
              [
                -62.243663,
                -38.665906
              ],
              [
                -62.2399559,
                -38.6685094
              ]
            ]
          ]
        ]
      }
    },
    {
      "type": "Feature",
      "properties": {
        "NAME": "Villa Mitre",
        "FUENTE": "MBB"
      },
      "geometry": {
        "type": "MultiPolygon",
        "coordinates": [
          [
            [
              [
                -62.2531976,
                -38.7287221
              ],
              [
                -62.2511709,
                -38.7287004
              ],
              [
                -62.2511531,
                -38.728192
              ],
              [
                -62.2455957,
                -38.7237319
              ],
              [
                -62.2426806,
                -38.7259659
              ],
              [
                -62.2427802,
                -38.7261021
              ],
              [
                -62.2384657,
                -38.7293783
              ],
              [
                -62.2442257,
                -38.7339774
              ],
              [
                -62.2464239,
                -38.7356445
              ],
              [
                -62.2483787,
                -38.7341294
              ],
              [
                -62.248669,
                -38.7341389
              ],
              [
                -62.2490242,
                -38.7335845
              ],
              [
                -62.2503344,
                -38.7326995
              ],
              [
                -62.2513154,
                -38.7317035
              ],
              [
                -62.2530505,
                -38.7303881
              ],
              [
                -62.2531976,
                -38.7287221
              ]
            ]
          ]
        ]
      }
    },
    {
      "type": "Feature",
      "properties": {
        "NAME": "Espora",
        "FUENTE": "MBB"
      },
      "geometry": {
        "type": "MultiPolygon",
        "coordinates": [
          [
            [
              [
                -62.1699278,
                -38.734118
              ],
              [
                -62.1656706,
                -38.7373658
              ],
              [
                -62.1704576,
                -38.7414807
              ],
              [
                -62.1750231,
                -38.7381547
              ],
              [
                -62.1699278,
                -38.734118
              ]
            ]
          ]
        ]
      }
    },
    {
      "type": "Feature",
      "properties": {
        "NAME": "Centro",
        "FUENTE": "MBB"
      },
      "geometry": {
        "type": "MultiPolygon",
        "coordinates": [
          [
            [
              [
                -62.2718489,
                -38.7311332
              ],
              [
                -62.285842,
                -38.7201542
              ],
              [
                -62.2753283,
                -38.7114989
              ],
              [
                -62.2740441,
                -38.7123476
              ],
              [
                -62.2644221,
                -38.7058386
              ],
              [
                -62.2547637,
                -38.7176281
              ],
              [
                -62.2548071,
                -38.7192942
              ],
              [
                -62.2626712,
                -38.7255073
              ],
              [
                -62.2638328,
                -38.7248007
              ],
              [
                -62.2718489,
                -38.7311332
              ]
            ]
          ]
        ]
      }
    },
    {
      "type": "Feature",
      "properties": {
        "NAME": null,
        "FUENTE": "MBB"
      },
      "geometry": {
        "type": "MultiPolygon",
        "coordinates": [
          [
            [
              [
                -62.2848339,
                -38.7512511
              ],
              [
                -62.2848349,
                -38.7512518
              ],
              [
                -62.2848761,
                -38.7512586
              ],
              [
                -62.2849111,
                -38.7512501
              ],
              [
                -62.2849655,
                -38.7512285
              ],
              [
                -62.2850098,
                -38.7512068
              ],
              [
                -62.2852419,
                -38.7510533
              ],
              [
                -62.2878061,
                -38.7468127
              ],
              [
                -62.2881924,
                -38.7461198
              ],
              [
                -62.2887236,
                -38.7455021
              ],
              [
                -62.2893514,
                -38.744602
              ],
              [
                -62.2894914,
                -38.7436943
              ],
              [
                -62.2897618,
                -38.7433186
              ],
              [
                -62.2898149,
                -38.7431246
              ],
              [
                -62.2897956,
                -38.7429146
              ],
              [
                -62.2883469,
                -38.7415135
              ],
              [
                -62.2804391,
                -38.747643
              ],
              [
                -62.2848339,
                -38.7512511
              ]
            ]
          ]
        ]
      }
    },
    {
      "type": "Feature",
      "properties": {
        "NAME": "Barrio Villa Delfina",
        "FUENTE": "MBB"
      },
      "geometry": {
        "type": "MultiPolygon",
        "coordinates": [
          [
            [
              [
                -62.2769213,
                -38.7448052
              ],
              [
                -62.2768679,
                -38.7448049
              ],
              [
                -62.26624,
                -38.7529504
              ],
              [
                -62.2680533,
                -38.7543457
              ],
              [
                -62.2699535,
                -38.7559273
              ],
              [
                -62.2706813,
                -38.7565853
              ],
              [
                -62.2706805,
                -38.7566635
              ],
              [
                -62.2706081,
                -38.763764
              ],
              [
                -62.2759308,
                -38.7597229
              ],
              [
                -62.2760674,
                -38.7598117
              ],
              [
                -62.2771003,
                -38.7590068
              ],
              [
                -62.2770139,
                -38.7588987
              ],
              [
                -62.2788851,
                -38.7574662
              ],
              [
                -62.2790464,
                -38.7575845
              ],
              [
                -62.2798523,
                -38.7569835
              ],
              [
                -62.2797285,
                -38.7568654
              ],
              [
                -62.2811634,
                -38.7558577
              ],
              [
                -62.2812274,
                -38.7557017
              ],
              [
                -62.2817312,
                -38.7553138
              ],
              [
                -62.2822508,
                -38.7548206
              ],
              [
                -62.2824022,
                -38.7546749
              ],
              [
                -62.2828183,
                -38.754306
              ],
              [
                -62.2837174,
                -38.7531288
              ],
              [
                -62.2848349,
                -38.7512518
              ],
              [
                -62.2769213,
                -38.7448052
              ]
            ]
          ]
        ]
      }
    },
    {
      "type": "Feature",
      "properties": {
        "NAME": "Barrio 26 de Septiembre",
        "FUENTE": "MBB"
      },
      "geometry": {
        "type": "MultiPolygon",
        "coordinates": [
          [
            [
              [
                -62.2715767,
                -38.7646322
              ],
              [
                -62.2672411,
                -38.7679805
              ],
              [
                -62.2763431,
                -38.7752694
              ],
              [
                -62.2807153,
                -38.7718725
              ],
              [
                -62.2754808,
                -38.7677348
              ],
              [
                -62.2715767,
                -38.7646322
              ]
            ]
          ]
        ]
      }
    },
    {
      "type": "Feature",
      "properties": {
        "NAME": "Asociacion Vecinos Barrio Saladero",
        "FUENTE": "MBB"
      },
      "geometry": {
        "type": "MultiPolygon",
        "coordinates": [
          [
            [
              [
                -62.2494318,
                -38.7788074
              ],
              [
                -62.2536064,
                -38.7757789
              ],
              [
                -62.2494885,
                -38.7725566
              ],
              [
                -62.2484164,
                -38.771877
              ],
              [
                -62.2471411,
                -38.7711562
              ],
              [
                -62.246113,
                -38.7705442
              ],
              [
                -62.2431867,
                -38.7681384
              ],
              [
                -62.2429742,
                -38.7680029
              ],
              [
                -62.2363953,
                -38.7625358
              ],
              [
                -62.2364138,
                -38.7626624
              ],
              [
                -62.2354653,
                -38.7646257
              ],
              [
                -62.2363142,
                -38.7649636
              ],
              [
                -62.2357662,
                -38.7657787
              ],
              [
                -62.23543,
                -38.7656444
              ],
              [
                -62.2356398,
                -38.7678013
              ],
              [
                -62.2360559,
                -38.7683141
              ],
              [
                -62.2362788,
                -38.7688529
              ],
              [
                -62.2361914,
                -38.769227
              ],
              [
                -62.2364678,
                -38.7696278
              ],
              [
                -62.2366723,
                -38.7699548
              ],
              [
                -62.2363553,
                -38.7703925
              ],
              [
                -62.2362913,
                -38.7705387
              ],
              [
                -62.2376238,
                -38.7705706
              ],
              [
                -62.2391626,
                -38.7708911
              ],
              [
                -62.2405892,
                -38.771708
              ],
              [
                -62.2417284,
                -38.7725998
              ],
              [
                -62.2421823,
                -38.7729839
              ],
              [
                -62.2426979,
                -38.7734484
              ],
              [
                -62.2494318,
                -38.7788074
              ]
            ]
          ]
        ]
      }
    },
    {
      "type": "Feature",
      "properties": {
        "NAME": "Boulevard Juan B. Justo",
        "FUENTE": "MBB"
      },
      "geometry": {
        "type": "MultiPolygon",
        "coordinates": [
          [
            [
              [
                -62.2535871,
                -38.7758015
              ],
              [
                -62.2494318,
                -38.7788074
              ],
              [
                -62.2510579,
                -38.7801818
              ],
              [
                -62.2610031,
                -38.7881375
              ],
              [
                -62.2618158,
                -38.7877057
              ],
              [
                -62.2544719,
                -38.7769274
              ],
              [
                -62.2541194,
                -38.7763514
              ],
              [
                -62.2535871,
                -38.7758015
              ]
            ]
          ]
        ]
      }
    },
    {
      "type": "Feature",
      "properties": {
        "NAME": "Loma Paraguaya",
        "FUENTE": "MBB"
      },
      "geometry": {
        "type": "MultiPolygon",
        "coordinates": [
          [
            [
              [
                -62.2848339,
                -38.7512511
              ],
              [
                -62.2848349,
                -38.7512518
              ],
              [
                -62.2848761,
                -38.7512586
              ],
              [
                -62.2849111,
                -38.7512501
              ],
              [
                -62.2849655,
                -38.7512285
              ],
              [
                -62.2850098,
                -38.7512068
              ],
              [
                -62.2852419,
                -38.7510533
              ],
              [
                -62.2878061,
                -38.7468127
              ],
              [
                -62.2881924,
                -38.7461198
              ],
              [
                -62.2887236,
                -38.7455021
              ],
              [
                -62.2893514,
                -38.744602
              ],
              [
                -62.2894914,
                -38.7436943
              ],
              [
                -62.2897618,
                -38.7433186
              ],
              [
                -62.2898149,
                -38.7431246
              ],
              [
                -62.2897956,
                -38.7429146
              ],
              [
                -62.2883469,
                -38.7415135
              ],
              [
                -62.2804391,
                -38.747643
              ],
              [
                -62.2848339,
                -38.7512511
              ]
            ]
          ]
        ]
      }
    }
  ]
}